分类,子类别,货币,金额,账户,记录人,日期,时间,备注
退款,,CNY,1940.81,平安银行信用卡(4976),AlexLeon,2026-09-12,01:23,郑位方-仙女 | 退款-亲情卡 | [不计收支] | 状态:退款成功
人情,,CNY,1837.19,平安银行信用卡(4976),AlexLeon,2026-09-12,01:22,郑位方-仙女 | 亲情卡 | [支出] | 状态:交易成功
人情,,CNY,1940.81,平安银行信用卡(4976),AlexLeon,2026-09-12,01:22,郑位方-仙女 | 亲情卡 | [支出] | 状态:交易成功
购物,日用百货,CNY,20.08,平安银行信用卡(4976),AlexLeon,2026-09-11,15:31,淘宝闪购 | 淘宝便利店(金桥店) | [支出] | 状态:交易成功
购物,日用百货,CNY,3.5,平安银行信用卡(4976),AlexLeon,2026-09-11,14:41,统一超商（上海）便利有限公司 | 7-ELEVEn上海通朋REDEMPTION | [支出] | 状态:交易成功
餐饮,,CNY,29,平安银行信用卡(4976),AlexLeon,2026-09-11,12:10,嵩烁餐饮管理（上海）有限公司 | 餐线 | [支出] | 状态:交易成功
购物,日用百货,CNY,6,平安银行信用卡(4976),AlexLeon,2026-09-11,09:24,统一超商（上海）便利有限公司 | 支付订单 | [支出] | 状态:交易成功
居家,,CNY,400,平安银行信用卡(4976),AlexLeon,2026-09-10,16:33,国家税务总局上海市税务局 | 社保缴费 | [支出] | 状态:交易成功
餐饮,,CNY,29.74,平安银行信用卡(4976),AlexLeon,2026-09-10,12:34,大米先生（大米先生中宝盛达店） | 【称重】_大米先生中宝盛达店_173103_01140240 | [支出] | 状态:交易成功
交通,,CNY,10,平安银行信用卡(4976),AlexLeon,2026-09-10,12:00,停车助手 | 停车缴费，通朋园区，沪AAV7121，2026-09-1008:41:18 | [支出] | 状态:交易成功
购物,日用百货,CNY,5.6,平安银行信用卡(4976),AlexLeon,2026-09-10,10:00,统一超商（上海）便利有限公司 | 7-ELEVEn上海通朋REDEMPTION | [支出] | 状态:交易成功
居家,,CNY,52.7,平安银行信用卡(4976),AlexLeon,2026-09-08,13:12,国网上海市电力公司(缴费) | 8月电费自动缴费-*南一-充电桩-根据每期出账后自动缴费 | [支出] | 状态:交易成功
医疗,,CNY,118.51,平安银行信用卡(4976),AlexLeon,2026-09-08,10:10,上海中医药大学附属曙光医院 | 门诊缴费 | [支出] | 状态:交易成功
购物,日用百货,CNY,26,平安银行信用卡(4976),AlexLeon,2026-09-07,22:48,联合一百超市明中路 | 联合一百超市明中路_10021002609072248090736222815226_82473607353085001 | [支出] | 状态:交易成功
购物,日用百货,CNY,10.8,平安银行信用卡(4976),AlexLeon,2026-09-07,14:38,全家FamilyMart | 上海全家便利店 | [支出] | 状态:交易成功
居家,,CNY,199.9,平安银行信用卡(4976),AlexLeon,2026-09-07,14:28,上海银行股份有限公司 | 公共支付 | [支出] | 状态:交易成功
退款,,CNY,19.18,平安银行信用卡(4976),AlexLeon,2026-09-07,09:37,郑位方-仙女 | 退款-亲情卡 | [不计收支] | 状态:退款成功
人情,,CNY,19.18,平安银行信用卡(4976),AlexLeon,2026-09-07,09:37,郑位方-仙女 | 亲情卡 | [支出] | 状态:交易成功
退款,,CNY,28.5,平安银行信用卡(4976),AlexLeon,2026-09-07,07:56,郑位方-仙女 | 退款-亲情卡 | [不计收支] | 状态:退款成功
人情,,CNY,28.5,平安银行信用卡(4976),AlexLeon,2026-09-07,07:56,郑位方-仙女 | 亲情卡 | [支出] | 状态:交易成功
娱乐,,CNY,10,平安银行信用卡(4976),AlexLeon,2026-09-07,00:43,微播 | 钻石充值 | [支出] | 状态:交易成功
娱乐,,CNY,1,平安银行信用卡(4976),AlexLeon,2026-09-06,23:55,微播 | 钻石充值 | [支出] | 状态:交易成功
退款,,CNY,122.66,平安银行信用卡(4976),AlexLeon,2026-09-06,23:40,郑位方-仙女 | 退款-亲情卡 | [不计收支] | 状态:退款成功
人情,,CNY,230.08,平安银行信用卡(4976),AlexLeon,2026-09-06,23:39,郑位方-仙女 | 亲情卡 | [支出] | 状态:交易成功
购物,,CNY,88.56,平安银行信用卡(4976),AlexLeon,2026-09-06,14:47,锐思**店 | BRDRC适用大疆Pocket 4P/3磁吸支架多功能拓展边框金属兔笼灵眸口袋相机手机提词器支架充电底座转接件配件 等多件 | [支出] | 状态:支付成功
交通,,CNY,3,平安银行信用卡(4976),AlexLeon,2026-09-06,11:24,上海佳钢市容管理服务有限公司 | 沪AAV71212026-09-06 10:29:46停车费 | [支出] | 状态:交易成功
居家,,CNY,26,中国银行(5095),AlexLeon,2026-09-06,11:14,盛红广告 | 收钱码收款 | [支出] | 状态:交易成功
购物,日用百货,CNY,0.2,平安银行信用卡(4976),AlexLeon,2026-09-06,10:45,养馋记上海松江新镇路店 | [支出] | 状态:交易成功
娱乐,,CNY,58,平安银行信用卡(4976),AlexLeon,2026-09-06,10:15,App Store & Apple Music | App Store & Apple Music；09.06购买 | [支出] | 状态:交易成功
购物,日用百货,CNY,3,平安银行信用卡(4976),AlexLeon,2026-09-05,14:41,联合一百超市明中路 | 联合一百超市明中路_10021002609051441590716222815118_82287860684085001 | [支出] | 状态:交易成功
居家,,CNY,10,平安银行信用卡(4976),AlexLeon,2026-09-05,11:57,上海公共支付一网通办 | 公安证照业务 | [支出] | 状态:交易成功
娱乐,,CNY,1,平安银行信用卡(4976),AlexLeon,2026-09-04,23:34,微播 | 钻石充值 | [支出] | 状态:交易成功
人情,,CNY,20.24,平安银行信用卡(4976),AlexLeon,2026-09-04,18:09,郑位方-仙女 | 亲情卡 | [支出] | 状态:交易成功
人情,,CNY,7.27,平安银行信用卡(4976),AlexLeon,2026-09-04,18:09,郑位方-仙女 | 亲情卡 | [支出] | 状态:交易成功
餐饮,,CNY,47.85,平安银行信用卡(4976),AlexLeon,2026-09-04,12:22,黄金麦兰州牛肉面（临青路店） | 纯汤兰州牛肉面(临青路) | [支出] | 状态:交易成功
购物,日用百货,CNY,8.9,平安银行信用卡(4976),AlexLeon,2026-09-04,10:50,罗森(杨浦红房子) | 支付宝支付杨浦红房子店REDEMPTION | [支出] | 状态:交易成功
退款,,CNY,72.2,平安银行信用卡(4976),AlexLeon,2026-09-03,17:09,郑位方-仙女 | 退款-亲情卡 | [不计收支] | 状态:退款成功
退款,,CNY,10,平安银行信用卡(4976),AlexLeon,2026-09-03,14:01,郑位方-仙女 | 退款-亲情卡 | [不计收支] | 状态:退款成功
交通,,CNY,3,平安银行信用卡(4976),AlexLeon,2026-09-02,17:33,上海佳钢市容管理服务有限公司 | 沪AAV71212026-09-02 17:01:21停车费 | [支出] | 状态:交易成功
餐饮,,CNY,21,平安银行信用卡(4976),AlexLeon,2026-09-02,17:29,零食很忙 | 上海市松江区新桥镇钰涵食品经营部(个体工商户) | [支出] | 状态:交易成功
退款,,CNY,55,平安银行信用卡(4976),AlexLeon,2026-09-01,23:05,郑位方-仙女 | 退款-亲情卡 | [不计收支] | 状态:退款成功
人情,,CNY,55,平安银行信用卡(4976),AlexLeon,2026-09-01,23:04,郑位方-仙女 | 亲情卡 | [支出] | 状态:交易成功
餐饮,,CNY,8,平安银行信用卡(4976),AlexLeon,2026-09-01,19:01,云南抚仙石锅鱼 | [支出] | 状态:交易成功
医疗,,CNY,48,平安银行信用卡(4976),AlexLeon,2026-09-01,16:11,复旦大学附属妇产科医院杨浦分院 | 经营码交易 | [支出] | 状态:交易成功
人情,,CNY,6423.67,平安银行信用卡(4976),AlexLeon,2026-09-01,14:36,郑位方-仙女 | 亲情卡 | [支出] | 状态:交易成功
人情,,CNY,1391.76,平安银行信用卡(4976),AlexLeon,2026-09-01,14:35,郑位方-仙女 | 亲情卡 | [支出] | 状态:交易成功
购物,日用百货,CNY,4.3,平安银行信用卡(4976),AlexLeon,2026-09-01,12:52,罗森(杨浦红房子) | 支付宝支付杨浦红房子店REDEMPTION | [支出] | 状态:交易成功
退款,,CNY,297.83,平安银行信用卡(4976),AlexLeon,2026-08-31,22:05,郑位方-仙女 | 退款-亲情卡 | [不计收支] | 状态:退款成功
人情,,CNY,4,平安银行信用卡(4976),AlexLeon,2026-08-31,22:05,郑位方-仙女 | 亲情卡 | [支出] | 状态:交易成功
人情,,CNY,56.57,平安银行信用卡(4976),AlexLeon,2026-08-31,22:05,郑位方-仙女 | 亲情卡 | [支出] | 状态:交易成功
人情,,CNY,67.24,平安银行信用卡(4976),AlexLeon,2026-08-31,22:05,郑位方-仙女 | 亲情卡 | [支出] | 状态:交易成功
人情,,CNY,297.83,平安银行信用卡(4976),AlexLeon,2026-08-31,22:05,郑位方-仙女 | 亲情卡 | [支出] | 状态:交易成功
人情,,CNY,7.2,平安银行信用卡(4976),AlexLeon,2026-08-31,22:05,郑位方-仙女 | 亲情卡 | [支出] | 状态:交易成功
购物,日用百货,CNY,5,平安银行信用卡(4976),AlexLeon,2026-08-31,21:58,上海乐美超市 | [支出] | 状态:交易成功
退款,,CNY,97.63,平安银行信用卡(4976),AlexLeon,2026-08-31,14:51,郑位方-仙女 | 退款-亲情卡 | [不计收支] | 状态:退款成功
人情,,CNY,97.63,平安银行信用卡(4976),AlexLeon,2026-08-31,14:51,郑位方-仙女 | 亲情卡 | [支出] | 状态:交易成功
购物,日用百货,CNY,4.89,平安银行信用卡(4976),AlexLeon,2026-08-30,21:29,上海乐美超市 | [支出] | 状态:交易成功
交通,,CNY,12,平安银行信用卡(4976),AlexLeon,2026-08-29,18:08,上海医大生健经贸有限公司 | 复旦大学附属妇产科医院-沪AAV7121-停车费 | [支出] | 状态:交易成功
餐饮,,CNY,24,平安银行信用卡(4976),AlexLeon,2026-08-29,16:35,复旦大学附属妇产科医院 | 经营码交易 | [支出] | 状态:交易成功
餐饮,,CNY,8,平安银行信用卡(4976),AlexLeon,2026-08-29,13:54,复旦大学附属妇产科医院 | 经营码交易 | [支出] | 状态:交易成功
餐饮,,CNY,36,平安银行信用卡(4976),AlexLeon,2026-08-29,13:14,复旦大学附属妇产科医院 | 经营码交易 | [支出] | 状态:交易成功
旅行,,CNY,546.95,平安银行信用卡(4976),AlexLeon,2026-08-29,07:10,深圳慧差旅数字信息有限公司 | 差旅酒店订单-H0126082907103406572 | [支出] | 状态:交易成功
交通,,CNY,12,平安银行信用卡(4976),AlexLeon,2026-08-29,01:13,上海医大生健经贸有限公司 | 复旦大学附属妇产科医院-沪AAV7121-停车费 | [支出] | 状态:交易成功
购物,日用百货,CNY,5.5,平安银行信用卡(4976),AlexLeon,2026-08-28,23:36,江浦路三店 | 上海全家便利店 | [支出] | 状态:交易成功
餐饮,,CNY,38,平安银行信用卡(4976),AlexLeon,2026-08-28,23:35,贝晴琪水果 | 购买商品临时称重等 | [支出] | 状态:交易成功
餐饮,,CNY,12,平安银行信用卡(4976),AlexLeon,2026-08-28,23:28,三米粥铺（江浦路新华医院店） | 美团收银909700216517007362 | [支出] | 状态:交易成功
餐饮,,CNY,25.9,平安银行信用卡(4976),AlexLeon,2026-08-28,23:23,三米粥铺（江浦路新华医院店） | 美团收银909700216517007361 | [支出] | 状态:交易成功
交通,,CNY,40,平安银行信用卡(4976),AlexLeon,2026-08-28,22:51,上海医大生健经贸有限公司 | 复旦大学附属妇产科医院-沪AAV7121-停车费 | [支出] | 状态:交易成功
医疗,,CNY,1999.84,平安银行信用卡(4976),AlexLeon,2026-08-28,19:01,复旦大学附属妇产科医院 | 挂号 | [支出] | 状态:交易成功
医疗,,CNY,19998.44,平安银行信用卡(4976),AlexLeon,2026-08-28,18:59,复旦大学附属妇产科医院 | 住院预交金充退 | [支出] | 状态:交易成功
购物,日用百货,CNY,9.67,平安银行信用卡(4976),AlexLeon,2026-08-28,17:47,上海乐美超市 | [支出] | 状态:交易成功
交通,,CNY,10,平安银行信用卡(4976),AlexLeon,2026-08-28,17:19,停车助手 | 停车缴费，通朋园区，沪AAV7121，2026-08-2815:25:50 | [支出] | 状态:交易成功
购物,日用百货,CNY,30.5,平安银行信用卡(4976),AlexLeon,2026-08-28,15:23,上海市上海浦东金吉路美宜佳 | 美宜佳沪00080店 | [支出] | 状态:交易成功
交通,,CNY,20,平安银行信用卡(4976),AlexLeon,2026-08-28,15:17,停车助手 | 停车缴费，通朋园区，沪AAV7121，2026-08-2808:58:16 | [支出] | 状态:交易成功
购物,日用百货,CNY,3.5,平安银行信用卡(4976),AlexLeon,2026-08-28,12:47,统一超商（上海）便利有限公司 | 7-ELEVEn上海通朋REDEMPTION | [支出] | 状态:交易成功
餐饮,,CNY,31,平安银行信用卡(4976),AlexLeon,2026-08-28,12:25,嵩烁餐饮管理（上海）有限公司 | 备用1 | [支出] | 状态:交易成功
购物,日用百货,CNY,8.9,平安银行信用卡(4976),AlexLeon,2026-08-28,09:08,统一超商（上海）便利有限公司 | 7-ELEVEn上海通朋REDEMPTION | [支出] | 状态:交易成功
退款,,CNY,867.2,平安银行信用卡(4976),AlexLeon,2026-08-27,23:22,郑位方-仙女 | 退款-亲情卡 | [不计收支] | 状态:退款成功
人情,,CNY,867.2,平安银行信用卡(4976),AlexLeon,2026-08-27,23:22,郑位方-仙女 | 亲情卡 | [支出] | 状态:交易成功
交通,,CNY,30,平安银行信用卡(4976),AlexLeon,2026-08-27,18:37,停车助手 | 停车缴费，通朋园区，沪AAV7121，2026-08-2708:54:53 | [支出] | 状态:交易成功
购物,日用百货,CNY,6,平安银行信用卡(4976),AlexLeon,2026-08-27,18:34,统一超商（上海）便利有限公司 | 7-ELEVEn上海通朋REDEMPTION | [支出] | 状态:交易成功
餐饮,,CNY,29,平安银行信用卡(4976),AlexLeon,2026-08-27,12:13,嵩烁餐饮管理（上海）有限公司 | 备用1 | [支出] | 状态:交易成功
餐饮,,CNY,25,平安银行信用卡(4976),AlexLeon,2026-08-26,18:25,嵩烁餐饮管理（上海）有限公司 | 备用1 | [支出] | 状态:交易成功
退款,,CNY,375.91,平安银行信用卡(4976),AlexLeon,2026-08-26,17:29,郑位方-仙女 | 退款-亲情卡 | [不计收支] | 状态:退款成功
人情,,CNY,375.91,平安银行信用卡(4976),AlexLeon,2026-08-26,17:29,郑位方-仙女 | 亲情卡 | [支出] | 状态:交易成功
餐饮,,CNY,3,平安银行信用卡(4976),AlexLeon,2026-08-26,12:24,江南小炒金吉路店 | [支出] | 状态:交易成功
购物,日用百货,CNY,27,平安银行信用卡(4976),AlexLeon,2026-08-26,12:20,上海市上海浦东金吉路美宜佳 | 美宜佳沪00080店 | [支出] | 状态:交易成功
餐饮,,CNY,18.98,平安银行信用卡(4976),AlexLeon,2026-08-26,12:19,江南小炒金吉路店 | [支出] | 状态:交易成功
购物,日用百货,CNY,6.5,平安银行信用卡(4976),AlexLeon,2026-08-26,10:21,统一超商（上海）便利有限公司 | 7-ELEVEn上海通朋REDEMPTION | [支出] | 状态:交易成功
餐饮,,CNY,15,平安银行信用卡(4976),AlexLeon,2026-08-26,09:11,嵩烁餐饮管理（上海）有限公司 | 备用2 | [支出] | 状态:交易成功
娱乐,,CNY,98,平安银行信用卡(4976),AlexLeon,2026-08-26,00:56,App Store & Apple Music | App Store & Apple Music；08.26购买 | [支出] | 状态:交易成功
娱乐,,CNY,332,平安银行信用卡(4976),AlexLeon,2026-08-26,00:54,App Store & Apple Music | App Store & Apple Music；08.25至08.26期间购买 | [支出] | 状态:交易成功
购物,日用百货,CNY,2,平安银行信用卡(4976),AlexLeon,2026-08-25,23:28,上海乐美超市 | [支出] | 状态:交易成功
购物,日用百货,CNY,22.5,平安银行信用卡(4976),AlexLeon,2026-08-25,21:45,上海乐美超市 | [支出] | 状态:交易成功
交通,,CNY,20,平安银行信用卡(4976),AlexLeon,2026-08-25,19:52,停车助手 | 停车缴费，通朋园区，沪AAV7121，2026-08-2513:25:49 | [支出] | 状态:交易成功
退款,,CNY,66,平安银行信用卡(4976),AlexLeon,2026-08-25,16:03,郑位方-仙女 | 退款-亲情卡 | [不计收支] | 状态:退款成功
退款,,CNY,89,平安银行信用卡(4976),AlexLeon,2026-08-25,15:57,郑位方-仙女 | 退款-亲情卡 | [不计收支] | 状态:退款成功
人情,,CNY,89,平安银行信用卡(4976),AlexLeon,2026-08-25,15:57,郑位方-仙女 | 亲情卡 | [支出] | 状态:交易成功
人情,,CNY,66,平安银行信用卡(4976),AlexLeon,2026-08-25,15:57,郑位方-仙女 | 亲情卡 | [支出] | 状态:交易成功
购物,日用百货,CNY,5.5,平安银行信用卡(4976),AlexLeon,2026-08-25,15:47,统一超商（上海）便利有限公司 | 7-ELEVEn上海通朋REDEMPTION | [支出] | 状态:交易成功
交通,,CNY,10,平安银行信用卡(4976),AlexLeon,2026-08-25,12:14,停车助手 | 停车缴费，通朋园区，沪AAV7121，2026-08-2508:57:11 | [支出] | 状态:交易成功
购物,日用百货,CNY,6.5,平安银行信用卡(4976),AlexLeon,2026-08-25,12:11,统一超商（上海）便利有限公司 | 7-ELEVEn上海通朋REDEMPTION | [支出] | 状态:交易成功
购物,日用百货,CNY,3.5,平安银行信用卡(4976),AlexLeon,2026-08-25,09:18,统一超商（上海）便利有限公司 | 7-ELEVEn上海通朋REDEMPTION | [支出] | 状态:交易成功
餐饮,,CNY,15,平安银行信用卡(4976),AlexLeon,2026-08-25,09:04,嵩烁餐饮管理（上海）有限公司 | 备用2 | [支出] | 状态:交易成功
交通,,CNY,3,平安银行信用卡(4976),AlexLeon,2026-08-25,00:19,上海公共交通卡股份有限公司 | 上海地铁-申江路-2026-08-24 21:54:05-宁国路-2026-08-24 22:19:03 | [支出] | 状态:交易成功
交通,,CNY,2,平安银行信用卡(4976),AlexLeon,2026-08-24,23:48,上海公共交通卡股份有限公司 | 上海公交-曹路2路-2026-08-24 21:48:04 | [支出] | 状态:交易成功
购物,日用百货,CNY,25.9,平安银行信用卡(4976),AlexLeon,2026-08-24,22:29,上海乐美超市 | [支出] | 状态:交易成功
交通,,CNY,0.99,平安银行信用卡(4976),AlexLeon,2026-08-24,22:28,哈啰出行 | 哈啰单车骑行 | [支出] | 状态:交易成功
购物,日用百货,CNY,3.5,平安银行信用卡(4976),AlexLeon,2026-08-24,12:51,统一超商（上海）便利有限公司 | 7-ELEVEn上海通朋REDEMPTION | [支出] | 状态:交易成功
餐饮,,CNY,23,平安银行信用卡(4976),AlexLeon,2026-08-24,12:30,嵩烁餐饮管理（上海）有限公司 | 备用1 | [支出] | 状态:交易成功
购物,日用百货,CNY,6.5,平安银行信用卡(4976),AlexLeon,2026-08-24,10:55,统一超商（上海）便利有限公司 | 7-ELEVEn上海通朋REDEMPTION | [支出] | 状态:交易成功
交通,,CNY,1,平安银行信用卡(4976),AlexLeon,2026-08-24,10:50,上海公共交通卡股份有限公司 | 上海公交-曹路2路-2026-08-24 08:50:37 | [支出] | 状态:交易成功
交通,,CNY,4,平安银行信用卡(4976),AlexLeon,2026-08-24,10:39,上海公共交通卡股份有限公司 | 上海地铁-宁国路-2026-08-24 08:16:48-申江路-2026-08-24 08:39:11 | [支出] | 状态:交易成功
交通,,CNY,0.99,平安银行信用卡(4976),AlexLeon,2026-08-24,08:15,哈啰出行 | 哈啰单车骑行 | [支出] | 状态:交易成功
娱乐,,CNY,198,平安银行信用卡(4976),AlexLeon,2026-08-23,23:32,App Store & Apple Music | App Store & Apple Music；08.23购买 | [支出] | 状态:交易成功
娱乐,,CNY,648,平安银行信用卡(4976),AlexLeon,2026-08-23,23:25,App Store & Apple Music | App Store & Apple Music；08.23购买 | [支出] | 状态:交易成功
购物,日用百货,CNY,15,平安银行信用卡(4976),AlexLeon,2026-08-23,22:26,上海乐美超市 | [支出] | 状态:交易成功
娱乐,,CNY,6,平安银行信用卡(4976),AlexLeon,2026-08-23,16:50,App Store & Apple Music | App Store & Apple Music；08.23购买 | [支出] | 状态:交易成功
餐饮,,CNY,0.1,平安银行信用卡(4976),AlexLeon,2026-08-23,14:02,淘宝闪购 | 超级吃货卡 | [支出] | 状态:交易成功
餐饮,,CNY,171.28,平安银行信用卡(4976),AlexLeon,2026-08-23,14:02,淘宝闪购 | 彭浦一炸许昌路店外卖订单 | [支出] | 状态:交易成功
购物,日用百货,CNY,3.5,平安银行信用卡(4976),AlexLeon,2026-08-22,17:00,统一超商（上海）便利有限公司 | 7-ELEVEn上海通朋REDEMPTION | [支出] | 状态:交易成功
购物,日用百货,CNY,53,平安银行信用卡(4976),AlexLeon,2026-08-22,13:28,上海市上海浦东金吉路美宜佳 | 美宜佳沪00080店 | [支出] | 状态:交易成功
交通,,CNY,10,平安银行信用卡(4976),AlexLeon,2026-08-22,13:22,停车助手 | 停车缴费，通朋园区，沪AAV7121，2026-08-2208:53:06 | [支出] | 状态:交易成功
购物,日用百货,CNY,9.1,平安银行信用卡(4976),AlexLeon,2026-08-22,09:27,统一超商（上海）便利有限公司 | 支付订单 | [支出] | 状态:交易成功
交通,,CNY,3,平安银行信用卡(4976),AlexLeon,2026-08-21,21:23,上海公共交通卡股份有限公司 | 上海地铁-申江路-2026-08-21 18:58:16-宁国路-2026-08-21 19:23:51 | [支出] | 状态:交易成功
交通,,CNY,2,平安银行信用卡(4976),AlexLeon,2026-08-21,20:51,上海公共交通卡股份有限公司 | 上海公交-曹路2路-2026-08-21 18:51:46 | [支出] | 状态:交易成功
购物,日用百货,CNY,4,平安银行信用卡(4976),AlexLeon,2026-08-21,19:38,上海乐美超市 | [支出] | 状态:交易成功
餐饮,,CNY,25,平安银行信用卡(4976),AlexLeon,2026-08-21,18:16,嵩烁餐饮管理（上海）有限公司 | 备用1 | [支出] | 状态:交易成功
交通,,CNY,4,平安银行信用卡(4976),AlexLeon,2026-08-21,10:39,上海公共交通卡股份有限公司 | 上海地铁-宁国路-2026-08-21 08:19:30-申江路-2026-08-21 08:39:13 | [支出] | 状态:交易成功
购物,日用百货,CNY,3.5,平安银行信用卡(4976),AlexLeon,2026-08-21,10:29,统一超商（上海）便利有限公司 | 7-ELEVEn上海通朋REDEMPTION | [支出] | 状态:交易成功
餐饮,,CNY,15,平安银行信用卡(4976),AlexLeon,2026-08-21,08:56,嵩烁餐饮管理（上海）有限公司 | 备用2 | [支出] | 状态:交易成功
交通,,CNY,0.99,平安银行信用卡(4976),AlexLeon,2026-08-21,08:17,哈啰出行 | 哈啰单车骑行 | [支出] | 状态:交易成功
人情,,CNY,1,平安银行信用卡(4976),AlexLeon,2026-08-21,01:25,郑位方-仙女 | 亲情卡 | [支出] | 状态:交易成功
交通,,CNY,4,平安银行信用卡(4976),AlexLeon,2026-08-20,23:43,上海公共交通卡股份有限公司 | 上海地铁-申江路-2026-08-20 21:20:30-宁国路-2026-08-20 21:43:02 | [支出] | 状态:交易成功
购物,日用百货,CNY,26,平安银行信用卡(4976),AlexLeon,2026-08-20,21:51,上海乐美超市 | [支出] | 状态:交易成功
交通,,CNY,1.5,平安银行信用卡(4976),AlexLeon,2026-08-20,21:50,滴滴青桔单车 | 单车 | [支出] | 状态:交易成功
交通,,CNY,0.99,平安银行信用卡(4976),AlexLeon,2026-08-20,21:20,哈啰出行 | 哈啰单车骑行 | [支出] | 状态:交易成功
餐饮,,CNY,21,平安银行信用卡(4976),AlexLeon,2026-08-20,18:40,嵩烁餐饮管理（上海）有限公司 | 备用1 | [支出] | 状态:交易成功
购物,日用百货,CNY,6.5,平安银行信用卡(4976),AlexLeon,2026-08-20,15:20,统一超商（上海）便利有限公司 | 7-ELEVEn上海通朋REDEMPTION | [支出] | 状态:交易成功
购物,日用百货,CNY,3.5,平安银行信用卡(4976),AlexLeon,2026-08-20,11:05,统一超商（上海）便利有限公司 | 7-ELEVEn上海通朋REDEMPTION | [支出] | 状态:交易成功
交通,,CNY,4,平安银行信用卡(4976),AlexLeon,2026-08-20,10:45,上海公共交通卡股份有限公司 | 上海地铁-宁国路-2026-08-20 08:24:18-申江路-2026-08-20 08:45:00 | [支出] | 状态:交易成功
餐饮,,CNY,15,平安银行信用卡(4976),AlexLeon,2026-08-20,08:58,嵩烁餐饮管理（上海）有限公司 | 备用2 | [支出] | 状态:交易成功
交通,,CNY,0.99,平安银行信用卡(4976),AlexLeon,2026-08-20,08:57,哈啰出行 | 哈啰单车骑行 | [支出] | 状态:交易成功
交通,,CNY,0.99,平安银行信用卡(4976),AlexLeon,2026-08-20,08:28,哈啰出行 | 哈啰单车骑行 | [支出] | 状态:交易成功
交通,,CNY,3.5,平安银行信用卡(4976),AlexLeon,2026-08-20,08:18,哈啰出行 | 哈啰骑行卡券 | [支出] | 状态:交易成功
购物,日用百货,CNY,8,平安银行信用卡(4976),AlexLeon,2026-08-19,23:05,上海乐美超市 | [支出] | 状态:交易成功
交通,,CNY,3,平安银行信用卡(4976),AlexLeon,2026-08-19,20:54,上海公共交通卡股份有限公司 | 上海地铁-申江路-2026-08-19 18:32:06-宁国路-2026-08-19 18:54:41 | [支出] | 状态:交易成功
交通,,CNY,2,平安银行信用卡(4976),AlexLeon,2026-08-19,20:25,上海公共交通卡股份有限公司 | 上海公交-曹路2路-2026-08-19 18:25:12 | [支出] | 状态:交易成功
购物,日用百货,CNY,3.5,平安银行信用卡(4976),AlexLeon,2026-08-19,15:21,统一超商（上海）便利有限公司 | 7-ELEVEn上海通朋REDEMPTION | [支出] | 状态:交易成功
餐饮,,CNY,16,平安银行信用卡(4976),AlexLeon,2026-08-19,12:18,嵩烁餐饮管理（上海）有限公司 | 牛肉拉面 | [支出] | 状态:交易成功
交通,,CNY,1,平安银行信用卡(4976),AlexLeon,2026-08-19,10:49,上海公共交通卡股份有限公司 | 上海公交-曹路2路-2026-08-19 08:49:36 | [支出] | 状态:交易成功
交通,,CNY,4,平安银行信用卡(4976),AlexLeon,2026-08-19,10:39,上海公共交通卡股份有限公司 | 上海地铁-宁国路-2026-08-19 08:16:23-申江路-2026-08-19 08:39:14 | [支出] | 状态:交易成功
交通,,CNY,1.5,平安银行信用卡(4976),AlexLeon,2026-08-19,08:15,哈啰出行 | 哈啰单车骑行 | [支出] | 状态:交易成功
购物,日用百货,CNY,26,平安银行信用卡(4976),AlexLeon,2026-08-18,23:05,上海乐美超市 | [支出] | 状态:交易成功
购物,日用百货,CNY,3.5,平安银行信用卡(4976),AlexLeon,2026-08-18,18:47,统一超商（上海）便利有限公司 | 7-ELEVEn上海通朋REDEMPTION | [支出] | 状态:交易成功
餐饮,,CNY,25,平安银行信用卡(4976),AlexLeon,2026-08-18,18:19,嵩烁餐饮管理（上海）有限公司 | 餐线 | [支出] | 状态:交易成功
购物,日用百货,CNY,3.5,平安银行信用卡(4976),AlexLeon,2026-08-18,15:15,统一超商（上海）便利有限公司 | 7-ELEVEn上海通朋REDEMPTION | [支出] | 状态:交易成功
交通,,CNY,1,平安银行信用卡(4976),AlexLeon,2026-08-18,10:48,上海公共交通卡股份有限公司 | 上海公交-曹路2路-2026-08-18 08:48:20 | [支出] | 状态:交易成功
交通,,CNY,4,平安银行信用卡(4976),AlexLeon,2026-08-18,10:44,上海公共交通卡股份有限公司 | 上海地铁-宁国路-2026-08-18 08:22:32-申江路-2026-08-18 08:44:19 | [支出] | 状态:交易成功
餐饮,,CNY,15,平安银行信用卡(4976),AlexLeon,2026-08-18,08:56,嵩烁餐饮管理（上海）有限公司 | 备用2 | [支出] | 状态:交易成功
交通,,CNY,0.99,平安银行信用卡(4976),AlexLeon,2026-08-18,08:21,哈啰出行 | 哈啰单车骑行 | [支出] | 状态:交易成功
交通,,CNY,2,平安银行信用卡(4976),AlexLeon,2026-08-17,22:59,上海公共交通卡股份有限公司 | 上海公交-曹路2路-2026-08-17 20:59:18 | [支出] | 状态:交易成功
购物,日用百货,CNY,14,平安银行信用卡(4976),AlexLeon,2026-08-17,21:44,上海乐美超市 | [支出] | 状态:交易成功
交通,,CNY,1.5,平安银行信用卡(4976),AlexLeon,2026-08-17,21:40,滴滴青桔单车 | 单车 | [支出] | 状态:交易成功
人情,,CNY,3,平安银行信用卡(4976),AlexLeon,2026-08-17,17:07,郑位方-仙女 | 亲情卡 | [支出] | 状态:交易成功
购物,日用百货,CNY,4.2,平安银行信用卡(4976),AlexLeon,2026-08-17,12:48,统一超商（上海）便利有限公司 | 7-ELEVEn上海通朋REDEMPTION | [支出] | 状态:交易成功
餐饮,,CNY,27,平安银行信用卡(4976),AlexLeon,2026-08-17,12:24,嵩烁餐饮管理（上海）有限公司 | 备用1 | [支出] | 状态:交易成功
交通,,CNY,1,平安银行信用卡(4976),AlexLeon,2026-08-17,10:50,上海公共交通卡股份有限公司 | 上海公交-曹路2路-2026-08-17 08:50:09 | [支出] | 状态:交易成功
交通,,CNY,4,平安银行信用卡(4976),AlexLeon,2026-08-17,10:39,上海公共交通卡股份有限公司 | 上海地铁-宁国路-2026-08-17 08:18:00-申江路-2026-08-17 08:38:59 | [支出] | 状态:交易成功
餐饮,,CNY,15,平安银行信用卡(4976),AlexLeon,2026-08-17,08:57,嵩烁餐饮管理（上海）有限公司 | 备用2 | [支出] | 状态:交易成功
交通,,CNY,0.99,平安银行信用卡(4976),AlexLeon,2026-08-17,08:22,哈啰出行 | 哈啰单车骑行 | [支出] | 状态:交易成功
购物,日用百货,CNY,34.5,平安银行信用卡(4976),AlexLeon,2026-08-16,21:10,上海乐美超市 | [支出] | 状态:交易成功
购物,日用百货,CNY,10.5,平安银行信用卡(4976),AlexLeon,2026-08-16,19:14,宁波路店 | 上海全家便利店 | [支出] | 状态:交易成功
交通,,CNY,3,平安银行信用卡(4976),AlexLeon,2026-08-16,18:28,上海公共交通卡股份有限公司 | 上海地铁-南京西路-2026-08-16 16:16:34-南京东路-2026-08-16 16:28:02 | [支出] | 状态:交易成功
人情,,CNY,3,平安银行信用卡(4976),AlexLeon,2026-08-16,18:28,郑位方-仙女 | 亲情卡 | [支出] | 状态:交易成功
餐饮,,CNY,28,平安银行信用卡(4976),AlexLeon,2026-08-16,16:49,石库制饼 | POS_石库制饼（德必外滩we店）_561588 | [支出] | 状态:交易成功
餐饮,,CNY,37,平安银行信用卡(4976),AlexLeon,2026-08-16,16:46,石库制饼 | POS_石库制饼（德必外滩we店）_561588 | [支出] | 状态:交易成功
娱乐,,CNY,198,平安银行信用卡(4976),AlexLeon,2026-08-15,22:54,App Store & Apple Music | App Store & Apple Music；08.15购买 | [支出] | 状态:交易成功
娱乐,,CNY,15,平安银行信用卡(4976),AlexLeon,2026-08-15,22:44,哔哩哔哩弹幕网 | 高档充电连续包月九 | [支出] | 状态:交易成功
购物,,CNY,135.64,平安银行信用卡(4976),AlexLeon,2026-08-15,22:35,Stripe Inc | STRIPE | [支出] | 状态:交易成功
交通,,CNY,3,平安银行信用卡(4976),AlexLeon,2026-08-15,21:21,上海公共交通卡股份有限公司 | 上海地铁-申江路-2026-08-15 18:57:18-宁国路-2026-08-15 19:21:14 | [支出] | 状态:交易成功
购物,日用百货,CNY,95,平安银行信用卡(4976),AlexLeon,2026-08-15,21:11,抖音电商商家 | 抖音电商-订单编号6955194911013476300 | [支出] | 状态:交易成功
交通,,CNY,2,平安银行信用卡(4976),AlexLeon,2026-08-15,20:51,上海公共交通卡股份有限公司 | 上海公交-曹路2路-2026-08-15 18:50:59 | [支出] | 状态:交易成功
人情,,CNY,1.31,中国银行(5095),AlexLeon,2026-08-15,18:23,郑位方-仙女 | 亲情卡 | [支出] | 状态:交易成功
购物,日用百货,CNY,6.5,平安银行信用卡(4976),AlexLeon,2026-08-15,17:51,统一超商（上海）便利有限公司 | 支付订单 | [支出] | 状态:交易成功
购物,日用百货,CNY,8.9,平安银行信用卡(4976),AlexLeon,2026-08-15,17:50,统一超商（上海）便利有限公司 | 支付订单 | [支出] | 状态:交易成功
餐饮,,CNY,20,平安银行信用卡(4976),AlexLeon,2026-08-15,12:16,嵩烁餐饮管理（上海）有限公司 | 备用2 | [支出] | 状态:交易成功
交通,,CNY,4,平安银行信用卡(4976),AlexLeon,2026-08-15,10:47,上海公共交通卡股份有限公司 | 上海地铁-宁国路-2026-08-15 08:22:08-申江路-2026-08-15 08:47:18 | [支出] | 状态:交易成功
交通,,CNY,0.99,平安银行信用卡(4976),AlexLeon,2026-08-15,09:05,哈啰出行 | 哈啰单车骑行 | [支出] | 状态:交易成功
购物,日用百货,CNY,7,平安银行信用卡(4976),AlexLeon,2026-08-15,09:03,7-11便利店 | 商品 | [支出] | 状态:交易成功
交通,,CNY,0.99,平安银行信用卡(4976),AlexLeon,2026-08-15,08:19,哈啰出行 | 哈啰单车骑行 | [支出] | 状态:交易成功
购物,日用百货,CNY,26,平安银行信用卡(4976),AlexLeon,2026-08-15,08:12,上海乐美超市 | [支出] | 状态:交易成功
居家,,CNY,146.93,平安银行信用卡(4976),AlexLeon,2026-08-15,00:03,万宁市梅辰兴商贸有限公司 | 商品购买146.93元 | [支出] | 状态:交易成功
交通,,CNY,3,平安银行信用卡(4976),AlexLeon,2026-08-14,20:45,上海公共交通卡股份有限公司 | 上海地铁-申江路-2026-08-14 18:13:38-宁国路-2026-08-14 18:45:39 | [支出] | 状态:交易成功
交通,,CNY,2,平安银行信用卡(4976),AlexLeon,2026-08-14,20:07,上海公共交通卡股份有限公司 | 上海公交-曹路2路-2026-08-14 18:07:18 | [支出] | 状态:交易成功
购物,日用百货,CNY,3.5,平安银行信用卡(4976),AlexLeon,2026-08-14,15:52,统一超商（上海）便利有限公司 | 7-ELEVEn上海通朋REDEMPTION | [支出] | 状态:交易成功
餐饮,,CNY,27,平安银行信用卡(4976),AlexLeon,2026-08-14,12:16,嵩烁餐饮管理（上海）有限公司 | 备用1 | [支出] | 状态:交易成功
交通,,CNY,1,平安银行信用卡(4976),AlexLeon,2026-08-14,10:48,上海公共交通卡股份有限公司 | 上海公交-曹路2路-2026-08-14 08:48:51 | [支出] | 状态:交易成功
交通,,CNY,4,平安银行信用卡(4976),AlexLeon,2026-08-14,10:44,上海公共交通卡股份有限公司 | 上海地铁-宁国路-2026-08-14 08:20:26-申江路-2026-08-14 08:44:34 | [支出] | 状态:交易成功
购物,,CNY,19,平安银行信用卡(4976),AlexLeon,2026-08-14,10:44,武汉市观荷百货有限公司 | 观荷商城--丝遇情情趣内衣吊带连衣裙女显.... | [支出] | 状态:交易成功
医疗,保险,CNY,28.9,平安银行信用卡(4976),AlexLeon,2026-08-14,10:09,中国人民健康保险股份有限公司 | 2026.8月保费缴清-好医保·长期医疗-**瑞 | [支出] | 状态:交易成功
餐饮,,CNY,6,平安银行信用卡(4976),AlexLeon,2026-08-14,08:56,嵩烁餐饮管理（上海）有限公司 | 餐线 | [支出] | 状态:交易成功
交通,,CNY,0.99,平安银行信用卡(4976),AlexLeon,2026-08-14,08:19,哈啰出行 | 哈啰单车骑行 | [支出] | 状态:交易成功
交通,,CNY,3,平安银行信用卡(4976),AlexLeon,2026-08-14,00:28,上海公共交通卡股份有限公司 | 上海地铁-申江路-2026-08-13 21:53:38-宁国路-2026-08-13 22:28:48 | [支出] | 状态:交易成功
交通,,CNY,2,平安银行信用卡(4976),AlexLeon,2026-08-13,23:47,上海公共交通卡股份有限公司 | 上海公交-曹路2路-2026-08-13 21:47:09 | [支出] | 状态:交易成功
人情,,CNY,10.22,平安银行信用卡(4976),AlexLeon,2026-08-13,19:38,郑位方-仙女 | 亲情卡 | [支出] | 状态:交易成功
购物,日用百货,CNY,5.5,平安银行信用卡(4976),AlexLeon,2026-08-13,12:36,统一超商（上海）便利有限公司 | 7-ELEVEn上海通朋REDEMPTION | [支出] | 状态:交易成功
餐饮,,CNY,16,平安银行信用卡(4976),AlexLeon,2026-08-13,12:23,嵩烁餐饮管理（上海）有限公司 | 小餐厅 | [支出] | 状态:交易成功
交通,,CNY,1,平安银行信用卡(4976),AlexLeon,2026-08-13,11:04,上海公共交通卡股份有限公司 | 上海公交-曹路2路-2026-08-13 09:04:13 | [支出] | 状态:交易成功
交通,,CNY,4,平安银行信用卡(4976),AlexLeon,2026-08-13,10:44,上海公共交通卡股份有限公司 | 上海地铁-宁国路-2026-08-13 08:19:15-申江路-2026-08-13 08:44:21 | [支出] | 状态:交易成功
交通,,CNY,0.99,平安银行信用卡(4976),AlexLeon,2026-08-13,08:19,哈啰出行 | 哈啰单车骑行 | [支出] | 状态:交易成功
交通,,CNY,3,平安银行信用卡(4976),AlexLeon,2026-08-12,21:23,上海公共交通卡股份有限公司 | 上海地铁-申江路-2026-08-12 19:02:27-宁国路-2026-08-12 19:23:32 | [支出] | 状态:交易成功
交通,,CNY,2,平安银行信用卡(4976),AlexLeon,2026-08-12,20:53,上海公共交通卡股份有限公司 | 上海公交-曹路2路-2026-08-12 18:53:18 | [支出] | 状态:交易成功
购物,日用百货,CNY,19.8,平安银行信用卡(4976),AlexLeon,2026-08-12,20:50,上海乐美超市 | [支出] | 状态:交易成功
购物,日用百货,CNY,5,平安银行信用卡(4976),AlexLeon,2026-08-12,19:33,爱家便利宁国路店 | 爱家便利宁国路店_10021002608121933470681086513371_80665158742471001 | [支出] | 状态:交易成功
购物,日用百货,CNY,3.5,平安银行信用卡(4976),AlexLeon,2026-08-12,15:34,7-11便利店 | 商品 | [支出] | 状态:交易成功
餐饮,,CNY,18.92,平安银行信用卡(4976),AlexLeon,2026-08-12,12:27,嵩烁餐饮管理（上海）有限公司 | 煲仔饭 | [支出] | 状态:交易成功
交通,,CNY,1,平安银行信用卡(4976),AlexLeon,2026-08-12,10:54,上海公共交通卡股份有限公司 | 上海公交-曹路2路-2026-08-12 08:54:48 | [支出] | 状态:交易成功
交通,,CNY,4,平安银行信用卡(4976),AlexLeon,2026-08-12,10:50,上海公共交通卡股份有限公司 | 上海地铁-宁国路-2026-08-12 08:25:26-申江路-2026-08-12 08:50:20 | [支出] | 状态:交易成功
购物,日用百货,CNY,6.5,平安银行信用卡(4976),AlexLeon,2026-08-12,09:04,统一超商（上海）便利有限公司 | 7-ELEVEn上海通朋REDEMPTION | [支出] | 状态:交易成功
餐饮,,CNY,5.5,平安银行信用卡(4976),AlexLeon,2026-08-12,09:03,嵩烁餐饮管理（上海）有限公司 | 餐线 | [支出] | 状态:交易成功
交通,,CNY,0.99,平安银行信用卡(4976),AlexLeon,2026-08-12,08:23,哈啰出行 | 哈啰单车骑行 | [支出] | 状态:交易成功
退款,,CNY,433.25,平安银行信用卡(4976),AlexLeon,2026-08-12,01:38,郑位方-仙女 | 退款-亲情卡 | [不计收支] | 状态:退款成功
人情,,CNY,433.25,平安银行信用卡(4976),AlexLeon,2026-08-12,01:38,郑位方-仙女 | 亲情卡 | [支出] | 状态:交易成功
交通,,CNY,3,平安银行信用卡(4976),AlexLeon,2026-08-11,23:50,上海公共交通卡股份有限公司 | 上海地铁-申江路-2026-08-11 21:25:50-宁国路-2026-08-11 21:50:27 | [支出] | 状态:交易成功
交通,,CNY,2,平安银行信用卡(4976),AlexLeon,2026-08-11,23:19,上海公共交通卡股份有限公司 | 上海公交-曹路2路-2026-08-11 21:19:24 | [支出] | 状态:交易成功
购物,日用百货,CNY,26,平安银行信用卡(4976),AlexLeon,2026-08-11,22:04,上海乐美超市 | [支出] | 状态:交易成功
餐饮,,CNY,20,平安银行信用卡(4976),AlexLeon,2026-08-11,18:37,嵩烁餐饮管理（上海）有限公司 | 牛肉拉面 | [支出] | 状态:交易成功
旅行,,CNY,4064.39,平安银行信用卡(4976),AlexLeon,2026-08-11,17:14,深圳慧差旅数字信息有限公司 | 差旅酒店订单-H0126081117140457376 | [支出] | 状态:交易成功
餐饮,,CNY,18.01,平安银行信用卡(4976),AlexLeon,2026-08-11,12:21,嵩烁餐饮管理（上海）有限公司 | 煲仔饭 | [支出] | 状态:交易成功
交通,,CNY,1,平安银行信用卡(4976),AlexLeon,2026-08-11,10:51,上海公共交通卡股份有限公司 | 上海公交-曹路2路-2026-08-11 08:51:47 | [支出] | 状态:交易成功
交通,,CNY,4,平安银行信用卡(4976),AlexLeon,2026-08-11,10:36,上海公共交通卡股份有限公司 | 上海地铁-宁国路-2026-08-11 08:13:27-申江路-2026-08-11 08:36:08 | [支出] | 状态:交易成功
购物,日用百货,CNY,7,平安银行信用卡(4976),AlexLeon,2026-08-11,10:25,统一超商（上海）便利有限公司 | 7-ELEVEn上海通朋REDEMPTION | [支出] | 状态:交易成功
餐饮,,CNY,15,平安银行信用卡(4976),AlexLeon,2026-08-11,08:59,嵩烁餐饮管理（上海）有限公司 | 备用2 | [支出] | 状态:交易成功
交通,,CNY,0.99,平安银行信用卡(4976),AlexLeon,2026-08-11,08:13,哈啰出行 | 哈啰单车骑行 | [支出] | 状态:交易成功
交通,,CNY,20,平安银行信用卡(4976),AlexLeon,2026-08-10,21:37,停车助手 | 停车缴费，通朋园区，沪AAV7121，2026-08-1013:13:59 | [支出] | 状态:交易成功
购物,日用百货,CNY,8.9,平安银行信用卡(4976),AlexLeon,2026-08-10,16:53,统一超商（上海）便利有限公司 | 7-ELEVEn上海通朋REDEMPTION | [支出] | 状态:交易成功
购物,,CNY,26,中国银行(5095),AlexLeon,2026-08-10,12:43,雷樽酒业 | 收钱码收款 | [支出] | 状态:交易成功
交通,,CNY,10,平安银行信用卡(4976),AlexLeon,2026-08-10,12:25,停车助手 | 停车缴费，通朋园区，沪AAV7121，2026-08-1008:34:39 | [支出] | 状态:交易成功
餐饮,,CNY,27,平安银行信用卡(4976),AlexLeon,2026-08-10,12:07,嵩烁餐饮管理（上海）有限公司 | 餐线 | [支出] | 状态:交易成功
娱乐,,CNY,80,平安银行信用卡(4976),AlexLeon,2026-08-09,22:02,郑远元修脚房（上海市新南街店） | 上海市新南街滨河新天地店-1803025909359869952 | [支出] | 状态:交易成功
退款,,CNY,441.81,平安银行信用卡(4976),AlexLeon,2026-08-08,20:50,郑位方-仙女 | 退款-亲情卡 | [不计收支] | 状态:退款成功
人情,,CNY,441.81,平安银行信用卡(4976),AlexLeon,2026-08-08,20:50,郑位方-仙女 | 亲情卡 | [支出] | 状态:交易成功
购物,日用百货,CNY,7,平安银行信用卡(4976),AlexLeon,2026-08-08,20:00,联合一百超市明中路 | 联合一百超市明中路_10021002608082000550756222817322_80390280371085001 | [支出] | 状态:交易成功
交通,,CNY,8,平安银行信用卡(4976),AlexLeon,2026-08-08,13:29,森兰联行(上海)企业发展有限公司 | 夏碧路停车场-停车费用-沪AAV7121-20260808pd310115038820000050 | [支出] | 状态:交易成功
居家,,CNY,2,平安银行信用卡(4976),AlexLeon,2026-08-08,13:29,上海公共支付一网通办 | 道路停车费 | [支出] | 状态:交易成功
餐饮,,CNY,4,平安银行信用卡(4976),AlexLeon,2026-08-08,13:04,蜀都冒菜上海夏碧路店 | [支出] | 状态:交易成功
餐饮,,CNY,58,平安银行信用卡(4976),AlexLeon,2026-08-08,12:52,蜀都冒菜上海夏碧路店 | [支出] | 状态:交易成功
交通,,CNY,10,平安银行信用卡(4976),AlexLeon,2026-08-08,12:00,停车助手 | 停车缴费，通朋园区，沪AAV7121，2026-08-0809:11:51 | [支出] | 状态:交易成功
购物,日用百货,CNY,12.3,平安银行信用卡(4976),AlexLeon,2026-08-08,09:19,7-11便利店 | 商品 | [支出] | 状态:交易成功
居家,,CNY,20,平安银行信用卡(4976),AlexLeon,2026-08-07,23:15,中国移动 | 为188****2773话费充值 | [支出] | 状态:交易成功
交通,,CNY,3,平安银行信用卡(4976),AlexLeon,2026-08-07,22:27,上海公共交通卡股份有限公司 | 上海地铁-申江路-2026-08-07 20:04:27-宁国路-2026-08-07 20:27:53 | [支出] | 状态:交易成功
交通,,CNY,2,平安银行信用卡(4976),AlexLeon,2026-08-07,21:57,上海公共交通卡股份有限公司 | 上海公交-曹路2路-2026-08-07 19:57:19 | [支出] | 状态:交易成功
购物,日用百货,CNY,25,平安银行信用卡(4976),AlexLeon,2026-08-07,20:41,上海乐美超市 | [支出] | 状态:交易成功
餐饮,,CNY,21,平安银行信用卡(4976),AlexLeon,2026-08-07,12:26,嵩烁餐饮管理（上海）有限公司 | 备用1 | [支出] | 状态:交易成功
交通,,CNY,1,平安银行信用卡(4976),AlexLeon,2026-08-07,10:50,上海公共交通卡股份有限公司 | 上海公交-曹路2路-2026-08-07 08:50:49 | [支出] | 状态:交易成功
交通,,CNY,4,平安银行信用卡(4976),AlexLeon,2026-08-07,10:39,上海公共交通卡股份有限公司 | 上海地铁-宁国路-2026-08-07 08:15:34-申江路-2026-08-07 08:39:39 | [支出] | 状态:交易成功
购物,日用百货,CNY,7,平安银行信用卡(4976),AlexLeon,2026-08-07,09:13,统一超商（上海）便利有限公司 | 7-ELEVEn上海通朋REDEMPTION | [支出] | 状态:交易成功
餐饮,,CNY,3,平安银行信用卡(4976),AlexLeon,2026-08-07,09:00,嵩烁餐饮管理（上海）有限公司 | 餐线 | [支出] | 状态:交易成功
餐饮,,CNY,8,平安银行信用卡(4976),AlexLeon,2026-08-07,08:59,嵩烁餐饮管理（上海）有限公司 | 餐线 | [支出] | 状态:交易成功
居家,,CNY,111.6,平安银行信用卡(4976),AlexLeon,2026-08-07,08:45,国网上海市电力公司(缴费) | 7月电费自动缴费-*南一-充电桩-根据每期出账后自动缴费 | [支出] | 状态:交易成功
交通,,CNY,0.99,平安银行信用卡(4976),AlexLeon,2026-08-07,08:13,哈啰出行 | 哈啰单车骑行 | [支出] | 状态:交易成功
购物,日用百货,CNY,26,平安银行信用卡(4976),AlexLeon,2026-08-06,23:03,上海乐美超市 | [支出] | 状态:交易成功
交通,,CNY,40,平安银行信用卡(4976),AlexLeon,2026-08-06,22:31,停车助手 | 停车缴费，通朋园区，沪AAV7121，2026-08-0608:41:18 | [支出] | 状态:交易成功
购物,日用百货,CNY,5,平安银行信用卡(4976),AlexLeon,2026-08-06,19:41,统一超商（上海）便利有限公司 | 支付订单 | [支出] | 状态:交易成功
人情,,CNY,299,平安银行信用卡(4976),AlexLeon,2026-08-06,16:51,郑位方-仙女 | 亲情卡 | [支出] | 状态:交易成功
餐饮,,CNY,17,平安银行信用卡(4976),AlexLeon,2026-08-06,12:12,嵩烁餐饮管理（上海）有限公司 | 备用1 | [支出] | 状态:交易成功
退款,,CNY,123.92,平安银行信用卡(4976),AlexLeon,2026-08-05,23:23,郑位方-仙女 | 退款-亲情卡 | [不计收支] | 状态:退款成功
人情,,CNY,123.92,平安银行信用卡(4976),AlexLeon,2026-08-05,23:23,郑位方-仙女 | 亲情卡 | [支出] | 状态:交易成功
交通,,CNY,3,平安银行信用卡(4976),AlexLeon,2026-08-05,20:32,上海公共交通卡股份有限公司 | 上海地铁-申江路-2026-08-05 18:08:31-宁国路-2026-08-05 18:32:44 | [支出] | 状态:交易成功
交通,,CNY,2,平安银行信用卡(4976),AlexLeon,2026-08-05,20:04,上海公共交通卡股份有限公司 | 上海公交-曹路2路-2026-08-05 18:04:13 | [支出] | 状态:交易成功
购物,日用百货,CNY,9,平安银行信用卡(4976),AlexLeon,2026-08-05,18:49,上海乐美超市 | [支出] | 状态:交易成功
购物,日用百货,CNY,7,平安银行信用卡(4976),AlexLeon,2026-08-05,15:40,统一超商（上海）便利有限公司 | 7-ELEVEn上海通朋REDEMPTION | [支出] | 状态:交易成功
餐饮,,CNY,27,平安银行信用卡(4976),AlexLeon,2026-08-05,12:05,嵩烁餐饮管理（上海）有限公司 | 备用1 | [支出] | 状态:交易成功
交通,,CNY,1,平安银行信用卡(4976),AlexLeon,2026-08-05,10:36,上海公共交通卡股份有限公司 | 上海公交-曹路2路-2026-08-05 08:36:48 | [支出] | 状态:交易成功
交通,,CNY,4,平安银行信用卡(4976),AlexLeon,2026-08-05,10:30,上海公共交通卡股份有限公司 | 上海地铁-宁国路-2026-08-05 08:10:12-申江路-2026-08-05 08:30:13 | [支出] | 状态:交易成功
餐饮,,CNY,11,平安银行信用卡(4976),AlexLeon,2026-08-05,08:44,嵩烁餐饮管理（上海）有限公司 | 餐线 | [支出] | 状态:交易成功
交通,,CNY,0.99,平安银行信用卡(4976),AlexLeon,2026-08-05,08:09,哈啰出行 | 哈啰单车骑行 | [支出] | 状态:交易成功
退款,,CNY,18,平安银行信用卡(4976),AlexLeon,2026-08-05,05:54,郑位方-仙女 | 退款-亲情卡 | [不计收支] | 状态:退款成功
交通,,CNY,3,平安银行信用卡(4976),AlexLeon,2026-08-04,23:50,上海公共交通卡股份有限公司 | 上海地铁-申江路-2026-08-04 21:29:20-宁国路-2026-08-04 21:50:33 | [支出] | 状态:交易成功
交通,,CNY,2,平安银行信用卡(4976),AlexLeon,2026-08-04,23:22,上海公共交通卡股份有限公司 | 上海公交-曹路2路-2026-08-04 21:22:39 | [支出] | 状态:交易成功
购物,日用百货,CNY,26,平安银行信用卡(4976),AlexLeon,2026-08-04,22:06,上海乐美超市 | [支出] | 状态:交易成功
人情,,CNY,4.54,中国银行(5095),AlexLeon,2026-08-04,21:39,郑位方-仙女 | 亲情卡 | [支出] | 状态:交易成功
人情,,CNY,11.99,中国银行(5095),AlexLeon,2026-08-04,21:39,郑位方-仙女 | 亲情卡 | [支出] | 状态:交易成功
人情,,CNY,103.55,中国银行(5095),AlexLeon,2026-08-04,21:39,郑位方-仙女 | 亲情卡 | [支出] | 状态:交易成功
人情,,CNY,21.72,中国银行(5095),AlexLeon,2026-08-04,21:39,郑位方-仙女 | 亲情卡 | [支出] | 状态:交易成功
人情,,CNY,32.97,中国银行(5095),AlexLeon,2026-08-04,21:39,郑位方-仙女 | 亲情卡 | [支出] | 状态:交易成功
购物,日用百货,CNY,7,平安银行信用卡(4976),AlexLeon,2026-08-04,12:53,统一超商（上海）便利有限公司 | 7-ELEVEn上海通朋REDEMPTION | [支出] | 状态:交易成功
餐饮,,CNY,16,平安银行信用卡(4976),AlexLeon,2026-08-04,12:09,嵩烁餐饮管理（上海）有限公司 | 牛肉拉面 | [支出] | 状态:交易成功
交通,,CNY,1,平安银行信用卡(4976),AlexLeon,2026-08-04,10:39,上海公共交通卡股份有限公司 | 上海公交-曹路2路-2026-08-04 08:39:55 | [支出] | 状态:交易成功
交通,,CNY,4,平安银行信用卡(4976),AlexLeon,2026-08-04,10:31,上海公共交通卡股份有限公司 | 上海地铁-宁国路-2026-08-04 08:09:26-申江路-2026-08-04 08:31:12 | [支出] | 状态:交易成功
餐饮,,CNY,10,平安银行信用卡(4976),AlexLeon,2026-08-04,08:47,嵩烁餐饮管理（上海）有限公司 | 餐线 | [支出] | 状态:交易成功
交通,,CNY,4.49,平安银行信用卡(4976),AlexLeon,2026-08-04,08:08,哈啰出行 | 哈啰车费 | [支出] | 状态:交易成功
交通,,CNY,4,平安银行信用卡(4976),AlexLeon,2026-08-04,00:11,上海公共交通卡股份有限公司 | 上海地铁-申江路-2026-08-03 21:46:29-宁国路-2026-08-03 22:11:49 | [支出] | 状态:交易成功
购物,日用百货,CNY,26,平安银行信用卡(4976),AlexLeon,2026-08-03,23:17,上海乐美超市 | [支出] | 状态:交易成功
交通,,CNY,1.5,平安银行信用卡(4976),AlexLeon,2026-08-03,22:20,哈啰出行 | 哈啰单车骑行 | [支出] | 状态:交易成功
交通,,CNY,1.5,平安银行信用卡(4976),AlexLeon,2026-08-03,21:46,哈啰出行 | 哈啰单车骑行 | [支出] | 状态:交易成功
购物,日用百货,CNY,7,平安银行信用卡(4976),AlexLeon,2026-08-03,12:15,统一超商（上海）便利有限公司 | 7-ELEVEn上海通朋REDEMPTION | [支出] | 状态:交易成功
餐饮,,CNY,16,平安银行信用卡(4976),AlexLeon,2026-08-03,11:58,嵩烁餐饮管理（上海）有限公司 | 小餐厅 | [支出] | 状态:交易成功
交通,,CNY,1,平安银行信用卡(4976),AlexLeon,2026-08-03,10:35,上海公共交通卡股份有限公司 | 上海公交-曹路2路-2026-08-03 08:35:24 | [支出] | 状态:交易成功
交通,,CNY,4,平安银行信用卡(4976),AlexLeon,2026-08-03,10:25,上海公共交通卡股份有限公司 | 上海地铁-宁国路-2026-08-03 08:04:04-申江路-2026-08-03 08:25:53 | [支出] | 状态:交易成功
餐饮,,CNY,18,平安银行信用卡(4976),AlexLeon,2026-08-03,08:42,嵩烁餐饮管理（上海）有限公司 | 备用2 | [支出] | 状态:交易成功
交通,,CNY,1.5,平安银行信用卡(4976),AlexLeon,2026-08-03,08:02,哈啰出行 | 哈啰单车骑行 | [支出] | 状态:交易成功
居家,,CNY,40.5,平安银行信用卡(4976),AlexLeon,2026-08-02,22:24,上海城投水务(集团)有限公司 | 水费-**实名 | [支出] | 状态:交易成功
居家,,CNY,67.7,平安银行信用卡(4976),AlexLeon,2026-08-02,22:23,国网上海市电力公司(缴费) | 7月-电费-************* | [支出] | 状态:交易成功
居家,,CNY,33.9,平安银行信用卡(4976),AlexLeon,2026-08-02,22:23,国网上海市电力公司(缴费) | 6月-电费-************* | [支出] | 状态:交易成功
人情,,CNY,0.9,平安银行信用卡(4976),AlexLeon,2026-08-02,11:32,郑位方-仙女 | 亲情卡 | [支出] | 状态:交易成功
人情,,CNY,60,平安银行信用卡(4976),AlexLeon,2026-08-02,11:32,郑位方-仙女 | 亲情卡 | [支出] | 状态:交易成功
交通,,CNY,20,平安银行信用卡(4976),AlexLeon,2026-08-01,19:13,通朋园区停车场 | 停车缴费，通朋园区，沪AAV7121，2026-08-0112:43:26 | [支出] | 状态:交易成功
购物,日用百货,CNY,4.8,平安银行信用卡(4976),AlexLeon,2026-08-01,14:18,统一超商（上海）便利有限公司 | 支付订单 | [支出] | 状态:交易成功
退款,,CNY,27.9,平安银行信用卡(4976),AlexLeon,2026-08-01,14:05,郑位方-仙女 | 退款-亲情卡 | [不计收支] | 状态:退款成功
购物,日用百货,CNY,28,平安银行信用卡(4976),AlexLeon,2026-08-01,12:32,上海市上海市义番超市 | 3827义番超市 | [支出] | 状态:交易成功
交通,,CNY,19.8,平安银行信用卡(4976),AlexLeon,2026-08-01,12:05,滴滴出行 | 享道出行 | [支出] | 状态:交易成功
人情,,CNY,27.9,平安银行信用卡(4976),AlexLeon,2026-08-01,11:30,郑位方-仙女 | 亲情卡 | [支出] | 状态:交易成功
交通,,CNY,1,平安银行信用卡(4976),AlexLeon,2026-08-01,10:56,上海公共交通卡股份有限公司 | 上海公交-曹路2路-2026-08-01 08:56:00 | [支出] | 状态:交易成功
交通,,CNY,4,平安银行信用卡(4976),AlexLeon,2026-08-01,10:42,上海公共交通卡股份有限公司 | 上海地铁-宁国路-2026-08-01 08:19:33-申江路-2026-08-01 08:42:44 | [支出] | 状态:交易成功
购物,日用百货,CNY,7,平安银行信用卡(4976),AlexLeon,2026-08-01,09:05,统一超商（上海）便利有限公司 | 7-ELEVEn上海通朋REDEMPTION | [支出] | 状态:交易成功
购物,日用百货,CNY,5.6,平安银行信用卡(4976),AlexLeon,2026-08-01,09:03,7-11便利店 | 商品 | [支出] | 状态:交易成功
交通,,CNY,1.5,平安银行信用卡(4976),AlexLeon,2026-08-01,08:18,哈啰出行 | 哈啰单车骑行 | [支出] | 状态:交易成功
交通,,CNY,4,平安银行信用卡(4976),AlexLeon,2026-07-31,20:47,上海公共交通卡股份有限公司 | 上海地铁-申江路-2026-07-31 18:23:12-宁国路-2026-07-31 18:47:21 | [支出] | 状态:交易成功
交通,,CNY,1.5,平安银行信用卡(4976),AlexLeon,2026-07-31,18:58,哈啰出行 | 哈啰单车骑行 | [支出] | 状态:交易成功
交通,,CNY,1.5,平安银行信用卡(4976),AlexLeon,2026-07-31,18:21,哈啰出行 | 哈啰单车骑行 | [支出] | 状态:交易成功
购物,日用百货,CNY,3.5,平安银行信用卡(4976),AlexLeon,2026-07-31,12:51,统一超商（上海）便利有限公司 | 7-ELEVEn上海通朋REDEMPTION | [支出] | 状态:交易成功
餐饮,,CNY,21.66,平安银行信用卡(4976),AlexLeon,2026-07-31,12:22,嵩烁餐饮管理（上海）有限公司 | 煲仔饭 | [支出] | 状态:交易成功
交通,,CNY,1,平安银行信用卡(4976),AlexLeon,2026-07-31,10:36,上海公共交通卡股份有限公司 | 上海公交-曹路2路-2026-07-31 08:36:52 | [支出] | 状态:交易成功
交通,,CNY,4,平安银行信用卡(4976),AlexLeon,2026-07-31,10:25,上海公共交通卡股份有限公司 | 上海地铁-宁国路-2026-07-31 08:03:27-申江路-2026-07-31 08:25:12 | [支出] | 状态:交易成功
餐饮,,CNY,10,平安银行信用卡(4976),AlexLeon,2026-07-31,08:45,嵩烁餐饮管理（上海）有限公司 | 备用2 | [支出] | 状态:交易成功
交通,,CNY,1.5,平安银行信用卡(4976),AlexLeon,2026-07-31,08:02,哈啰出行 | 哈啰单车骑行 | [支出] | 状态:交易成功
购物,日用百货,CNY,26,平安银行信用卡(4976),AlexLeon,2026-07-30,22:59,上海市联华 | 112360000207613768 | [支出] | 状态:交易成功
餐饮,,CNY,19,平安银行信用卡(4976),AlexLeon,2026-07-30,12:17,嵩烁餐饮管理（上海）有限公司 | 备用1 | [支出] | 状态:交易成功
交通,,CNY,4,平安银行信用卡(4976),AlexLeon,2026-07-30,10:30,上海公共交通卡股份有限公司 | 上海地铁-宁国路-2026-07-30 08:05:49-申江路-2026-07-30 08:30:53 | [支出] | 状态:交易成功
购物,日用百货,CNY,7.5,平安银行信用卡(4976),AlexLeon,2026-07-30,08:57,统一超商（上海）便利有限公司 | 7-ELEVEn上海通朋REDEMPTION | [支出] | 状态:交易成功
餐饮,,CNY,10,平安银行信用卡(4976),AlexLeon,2026-07-30,08:46,嵩烁餐饮管理（上海）有限公司 | 餐线 | [支出] | 状态:交易成功
交通,,CNY,1.5,平安银行信用卡(4976),AlexLeon,2026-07-30,08:44,哈啰出行 | 哈啰单车骑行 | [支出] | 状态:交易成功
交通,,CNY,1.5,平安银行信用卡(4976),AlexLeon,2026-07-30,08:09,哈啰出行 | 哈啰单车骑行 | [支出] | 状态:交易成功
交通,,CNY,3,平安银行信用卡(4976),AlexLeon,2026-07-29,21:45,上海公共交通卡股份有限公司 | 上海地铁-申江路-2026-07-29 19:18:24-宁国路-2026-07-29 19:45:17 | [支出] | 状态:交易成功
交通,,CNY,2,平安银行信用卡(4976),AlexLeon,2026-07-29,21:11,上海公共交通卡股份有限公司 | 上海公交-曹路2路-2026-07-29 19:11:47 | [支出] | 状态:交易成功
娱乐,,CNY,60,平安银行信用卡(4976),AlexLeon,2026-07-29,20:48,App Store & Apple Music | App Store & Apple Music；07.29购买 | [支出] | 状态:交易成功
娱乐,,CNY,60,平安银行信用卡(4976),AlexLeon,2026-07-29,20:47,App Store & Apple Music | App Store & Apple Music；07.29购买 | [支出] | 状态:交易成功
娱乐,,CNY,128,平安银行信用卡(4976),AlexLeon,2026-07-29,20:46,App Store & Apple Music | App Store & Apple Music；07.29购买 | [支出] | 状态:交易成功
购物,日用百货,CNY,26,平安银行信用卡(4976),AlexLeon,2026-07-29,20:04,上海市联华 | 309680060207518563 | [支出] | 状态:交易成功
餐饮,,CNY,18,平安银行信用卡(4976),AlexLeon,2026-07-29,12:17,嵩烁餐饮管理（上海）有限公司 | 牛肉拉面 | [支出] | 状态:交易成功
交通,,CNY,4,平安银行信用卡(4976),AlexLeon,2026-07-29,10:25,上海公共交通卡股份有限公司 | 上海地铁-宁国路-2026-07-29 07:59:18-申江路-2026-07-29 08:25:01 | [支出] | 状态:交易成功
购物,日用百货,CNY,6.8,平安银行信用卡(4976),AlexLeon,2026-07-29,08:52,统一超商（上海）便利有限公司 | 7-ELEVEn上海通朋REDEMPTION | [支出] | 状态:交易成功
餐饮,,CNY,10,平安银行信用卡(4976),AlexLeon,2026-07-29,08:41,嵩烁餐饮管理（上海）有限公司 | 餐线 | [支出] | 状态:交易成功
交通,,CNY,1.5,平安银行信用卡(4976),AlexLeon,2026-07-29,08:37,滴滴青桔单车 | 单车 | [支出] | 状态:交易成功
交通,,CNY,1.5,平安银行信用卡(4976),AlexLeon,2026-07-29,07:59,哈啰出行 | 哈啰单车骑行 | [支出] | 状态:交易成功
娱乐,,CNY,6,平安银行信用卡(4976),AlexLeon,2026-07-29,05:02,App Store & Apple Music | App Store & Apple Music；07.29购买 | [支出] | 状态:交易成功
购物,日用百货,CNY,6.5,平安银行信用卡(4976),AlexLeon,2026-07-28,18:59,统一超商（上海）便利有限公司 | 支付订单 | [支出] | 状态:交易成功
餐饮,,CNY,19,平安银行信用卡(4976),AlexLeon,2026-07-28,12:22,嵩烁餐饮管理（上海）有限公司 | 餐线 | [支出] | 状态:交易成功
交通,,CNY,4,平安银行信用卡(4976),AlexLeon,2026-07-28,10:19,上海公共交通卡股份有限公司 | 上海地铁-宁国路-2026-07-28 07:57:43-申江路-2026-07-28 08:19:34 | [支出] | 状态:交易成功
餐饮,,CNY,10,平安银行信用卡(4976),AlexLeon,2026-07-28,08:34,嵩烁餐饮管理（上海）有限公司 | 餐线 | [支出] | 状态:交易成功
交通,,CNY,1.5,平安银行信用卡(4976),AlexLeon,2026-07-28,08:32,滴滴青桔单车 | 单车 | [支出] | 状态:交易成功
人情,,CNY,80,中国银行(5095),AlexLeon,2026-07-28,08:06,郑位方-仙女 | 亲情卡 | [支出] | 状态:交易成功
交通,,CNY,1.5,平安银行信用卡(4976),AlexLeon,2026-07-28,07:56,哈啰出行 | 哈啰单车骑行 | [支出] | 状态:交易成功
娱乐,,CNY,8,平安银行信用卡(4976),AlexLeon,2026-07-28,02:28,App Store & Apple Music | App Store & Apple Music；07.27至07.28期间购买 | [支出] | 状态:交易成功
交通,,CNY,4,平安银行信用卡(4976),AlexLeon,2026-07-28,00:11,上海公共交通卡股份有限公司 | 上海地铁-申江路-2026-07-27 21:49:09-宁国路-2026-07-27 22:11:35 | [支出] | 状态:交易成功
购物,日用百货,CNY,18,平安银行信用卡(4976),AlexLeon,2026-07-27,22:18,新亚百货商店宁国路店 | 新亚百货商店宁国路店_10021002607272218470502115037244_79614620722109001 | [支出] | 状态:交易成功
购物,日用百货,CNY,6.8,平安银行信用卡(4976),AlexLeon,2026-07-27,12:41,统一超商（上海）便利有限公司 | 支付订单 | [支出] | 状态:交易成功
餐饮,,CNY,17,平安银行信用卡(4976),AlexLeon,2026-07-27,12:17,嵩烁餐饮管理（上海）有限公司 | 小餐厅 | [支出] | 状态:交易成功
娱乐,,CNY,198,平安银行信用卡(4976),AlexLeon,2026-07-27,11:44,App Store & Apple Music | App Store & Apple Music；07.27购买 | [支出] | 状态:交易成功
交通,,CNY,4,平安银行信用卡(4976),AlexLeon,2026-07-27,10:24,上海公共交通卡股份有限公司 | 上海地铁-宁国路-2026-07-27 08:02:27-申江路-2026-07-27 08:24:55 | [支出] | 状态:交易成功
餐饮,,CNY,5.5,平安银行信用卡(4976),AlexLeon,2026-07-27,08:46,嵩烁餐饮管理（上海）有限公司 | 餐线 | [支出] | 状态:交易成功
交通,,CNY,2.5,平安银行信用卡(4976),AlexLeon,2026-07-27,08:44,滴滴青桔单车 | 单车 | [支出] | 状态:交易成功
交通,,CNY,1.5,平安银行信用卡(4976),AlexLeon,2026-07-27,08:01,哈啰出行 | 哈啰单车骑行 | [支出] | 状态:交易成功
购物,日用百货,CNY,33,平安银行信用卡(4976),AlexLeon,2026-07-26,15:32,上海市松江区新桥镇尚陶百货经营部 | 33.0元 | [支出] | 状态:交易成功
交通,,CNY,6,平安银行信用卡(4976),AlexLeon,2026-07-25,22:45,上海公共交通卡股份有限公司 | 上海地铁-台儿庄路-2026-07-25 19:41:43-九亭-2026-07-25 20:45:15 | [支出] | 状态:交易成功
人情,,CNY,700,中国银行(5095),AlexLeon,2026-07-25,18:17,郑位方-仙女 | 亲情卡 | [支出] | 状态:交易成功
餐饮,,CNY,21,平安银行信用卡(4976),AlexLeon,2026-07-25,12:28,嵩烁餐饮管理（上海）有限公司 | 餐线 | [支出] | 状态:交易成功
交通,,CNY,2,平安银行信用卡(4976),AlexLeon,2026-07-25,10:30,上海公共交通卡股份有限公司 | 上海公交-申川专线-2026-07-25 08:30:32 | [支出] | 状态:交易成功
交通,,CNY,1.5,平安银行信用卡(4976),AlexLeon,2026-07-25,09:07,哈啰出行 | 哈啰单车骑行 | [支出] | 状态:交易成功
交通,,CNY,1.5,平安银行信用卡(4976),AlexLeon,2026-07-25,08:16,哈啰出行 | 哈啰单车骑行 | [支出] | 状态:交易成功
交通,,CNY,1.5,平安银行信用卡(4976),AlexLeon,2026-07-25,08:09,哈啰出行 | 哈啰单车骑行 | [支出] | 状态:交易成功
交通,,CNY,2,平安银行信用卡(4976),AlexLeon,2026-07-24,22:13,上海公共交通卡股份有限公司 | 上海公交-申川专线-2026-07-24 20:13:49 | [支出] | 状态:交易成功
购物,日用百货,CNY,26,平安银行信用卡(4976),AlexLeon,2026-07-24,20:58,上海市联华 | 419550040207087165 | [支出] | 状态:交易成功
交通,,CNY,1.5,平安银行信用卡(4976),AlexLeon,2026-07-24,12:52,哈啰出行 | 哈啰单车骑行 | [支出] | 状态:交易成功
餐饮,,CNY,4.72,平安银行信用卡(4976),AlexLeon,2026-07-24,09:03,满座儿中宝盛达餐厅 | 档口1 | [支出] | 状态:交易成功
购物,日用百货,CNY,29,平安银行信用卡(4976),AlexLeon,2026-07-23,20:52,易购便利店浦秀路店 | 易购便利店浦秀路店_10021002607232052590717080990834_79332590493418001 | [支出] | 状态:交易成功
购物,日用百货,CNY,6.9,平安银行信用卡(4976),AlexLeon,2026-07-22,12:40,统一超商（上海）便利有限公司 | 7-ELEVEn上海中宝盛达REDEMPTION | [支出] | 状态:交易成功
餐饮,,CNY,0.25,平安银行信用卡(4976),AlexLeon,2026-07-22,11:21,淘宝闪购 | 淘宝闪购慢必赔 | [支出] | 状态:交易成功
餐饮,,CNY,25.65,平安银行信用卡(4976),AlexLeon,2026-07-22,11:21,淘宝闪购 | 食其家·牛丼·咖喱金桥太茂店外卖订单 | [支出] | 状态:交易成功
购物,日用百货,CNY,28,平安银行信用卡(4976),AlexLeon,2026-07-21,18:26,祥辉便利店 | 5945祥辉超市桂桥路店 | [支出] | 状态:交易成功
餐饮,,CNY,13.3,平安银行信用卡(4976),AlexLeon,2026-07-21,11:19,淘宝闪购 | 花小小新疆炒米粉(金桥店)外卖订单 | [支出] | 状态:交易成功
餐饮,,CNY,3,平安银行信用卡(4976),AlexLeon,2026-07-21,09:10,满座儿中宝盛达餐厅 | 档口4 | [支出] | 状态:交易成功
餐饮,,CNY,25,平安银行信用卡(4976),AlexLeon,2026-07-20,12:24,满座儿中宝盛达餐厅 | 档口3 | [支出] | 状态:交易成功
餐饮,,CNY,2,平安银行信用卡(4976),AlexLeon,2026-07-20,09:06,满座儿中宝盛达餐厅 | 档口1 | [支出] | 状态:交易成功
娱乐,,CNY,6,平安银行信用卡(4976),AlexLeon,2026-07-20,04:58,App Store & Apple Music | App Store & Apple Music；07.20购买 | [支出] | 状态:交易成功
退款,,CNY,1279.18,平安银行信用卡(4976),AlexLeon,2026-07-19,21:08,郑位方-仙女 | 退款-亲情卡 | [不计收支] | 状态:退款成功
人情,,CNY,1279.18,平安银行信用卡(4976),AlexLeon,2026-07-19,21:07,郑位方-仙女 | 亲情卡 | [支出] | 状态:交易成功
餐饮,,CNY,25,平安银行信用卡(4976),AlexLeon,2026-07-19,15:06,佬肥猫 | 佬肥猫嘉亭荟店-扫码付-YY004401-260719-01771415(001) | [支出] | 状态:交易成功
餐饮,,CNY,872,平安银行信用卡(4976),AlexLeon,2026-07-19,13:58,佬肥猫 | 佬肥猫嘉亭荟店-扫码付-YY004401-260719-01581322(001) | [支出] | 状态:交易成功
退款,,CNY,31.48,平安银行信用卡(4976),AlexLeon,2026-07-19,00:49,郑位方-仙女 | 退款-亲情卡 | [不计收支] | 状态:退款成功
退款,,CNY,2.28,平安银行信用卡(4976),AlexLeon,2026-07-19,00:49,郑位方-仙女 | 退款-亲情卡 | [不计收支] | 状态:退款成功
退款,,CNY,58.51,平安银行信用卡(4976),AlexLeon,2026-07-19,00:49,郑位方-仙女 | 退款-亲情卡 | [不计收支] | 状态:退款成功
人情,,CNY,113.65,平安银行信用卡(4976),AlexLeon,2026-07-19,00:48,郑位方-仙女 | 亲情卡 | [支出] | 状态:交易成功
人情,,CNY,2.28,平安银行信用卡(4976),AlexLeon,2026-07-19,00:48,郑位方-仙女 | 亲情卡 | [支出] | 状态:交易成功
人情,,CNY,31.48,平安银行信用卡(4976),AlexLeon,2026-07-19,00:48,郑位方-仙女 | 亲情卡 | [支出] | 状态:交易成功
餐饮,,CNY,4,平安银行信用卡(4976),AlexLeon,2026-07-18,12:23,蒸美味中式快餐 | 4083蒸美味中式快餐 | [支出] | 状态:交易成功
餐饮,,CNY,20,平安银行信用卡(4976),AlexLeon,2026-07-18,12:21,蒸美味中式快餐 | 0654蒸美味中式快餐 | [支出] | 状态:交易成功
退款,,CNY,323.51,平安银行信用卡(4976),AlexLeon,2026-07-17,23:58,郑位方-仙女 | 退款-亲情卡 | [不计收支] | 状态:退款成功
人情,,CNY,323.51,平安银行信用卡(4976),AlexLeon,2026-07-17,23:57,郑位方-仙女 | 亲情卡 | [支出] | 状态:交易成功
购物,日用百货,CNY,26,平安银行信用卡(4976),AlexLeon,2026-07-17,22:30,上海市松江区新桥镇尚陶百货经营部 | 26.0元 | [支出] | 状态:交易成功
娱乐,,CNY,51,平安银行信用卡(4976),AlexLeon,2026-07-16,21:03,App Store & Apple Music | App Store & Apple Music；07.16购买 | [支出] | 状态:交易成功
购物,,CNY,136.25,平安银行信用卡(4976),AlexLeon,2026-07-15,22:35,Stripe Inc | STRIPE | [支出] | 状态:交易成功
购物,日用百货,CNY,30,平安银行信用卡(4976),AlexLeon,2026-07-15,21:01,祥辉便利店 | 2587祥辉超市桂桥路店 | [支出] | 状态:交易成功
购物,日用百货,CNY,4.3,平安银行信用卡(4976),AlexLeon,2026-07-15,15:26,统一超商（上海）便利有限公司 | 7-ELEVEn上海中宝盛达REDEMPTION | [支出] | 状态:交易成功
餐饮,,CNY,37.42,平安银行信用卡(4976),AlexLeon,2026-07-15,12:26,满座儿中宝盛达餐厅 | [支出] | 状态:交易成功
餐饮,,CNY,3,平安银行信用卡(4976),AlexLeon,2026-07-15,09:11,满座儿中宝盛达餐厅 | 档口1 | [支出] | 状态:交易成功
医疗,保险,CNY,28.9,平安银行信用卡(4976),AlexLeon,2026-07-14,12:38,中国人民健康保险股份有限公司 | 2026.7月保费缴清-好医保·长期医疗-**瑞 | [支出] | 状态:交易成功
餐饮,,CNY,3,平安银行信用卡(4976),AlexLeon,2026-07-14,09:09,满座儿中宝盛达餐厅 | 档口4 | [支出] | 状态:交易成功
娱乐,,CNY,6,平安银行信用卡(4976),AlexLeon,2026-07-14,04:35,App Store & Apple Music | App Store & Apple Music；07.14购买 | [支出] | 状态:交易成功
购物,日用百货,CNY,19,平安银行信用卡(4976),AlexLeon,2026-07-13,19:14,祥辉便利店 | 4916祥辉超市桂桥路店 | [支出] | 状态:交易成功
餐饮,,CNY,21.05,平安银行信用卡(4976),AlexLeon,2026-07-13,12:19,伍谷鱼粉 | 10281069-00-0007扫码付款(00-重庆小面) | [支出] | 状态:交易成功
人情,,CNY,47.9,平安银行信用卡(4976),AlexLeon,2026-07-12,13:19,郑位方-仙女 | 亲情卡 | [支出] | 状态:交易成功
人情,,CNY,50,平安银行信用卡(4976),AlexLeon,2026-07-12,13:18,郑位方-仙女 | 亲情卡 | [支出] | 状态:交易成功
购物,日用百货,CNY,26.5,平安银行信用卡(4976),AlexLeon,2026-07-11,21:24,联合一百超市明中路 | 联合一百超市明中路_10021002607112124470496222810431_78522793020085001 | [支出] | 状态:交易成功
购物,日用百货,CNY,26,平安银行信用卡(4976),AlexLeon,2026-07-11,14:10,祥辉便利店 | 9663祥辉超市桂桥路店 | [支出] | 状态:交易成功
购物,日用百货,CNY,7.8,平安银行信用卡(4976),AlexLeon,2026-07-10,21:05,好特卖 | 上海杨浦滨江百联-条码支付 | [支出] | 状态:交易成功
餐饮,,CNY,69.98,平安银行信用卡(4976),AlexLeon,2026-07-10,19:45,呷哺呷哺(百联滨江店) | 【堂食】_杨浦百联滨江_139973_8013073_无_无 | [支出] | 状态:交易成功
餐饮,,CNY,4.67,平安银行信用卡(4976),AlexLeon,2026-07-10,09:08,满座儿中宝盛达餐厅 | 档口1 | [支出] | 状态:交易成功
购物,日用百货,CNY,26,平安银行信用卡(4976),AlexLeon,2026-07-09,15:45,祥辉便利店 | 4302祥辉超市桂桥路店 | [支出] | 状态:交易成功
人情,,CNY,49,平安银行信用卡(4976),AlexLeon,2026-07-09,13:27,郑位方-仙女 | 亲情卡 | [支出] | 状态:交易成功
购物,日用百货,CNY,5,平安银行信用卡(4976),AlexLeon,2026-07-08,15:21,统一超商（上海）便利有限公司 | 7-ELEVEn上海中宝盛达REDEMPTION | [支出] | 状态:交易成功
餐饮,,CNY,6.5,平安银行信用卡(4976),AlexLeon,2026-07-08,09:17,满座儿中宝盛达餐厅 | 档口1 | [支出] | 状态:交易成功
购物,日用百货,CNY,26,平安银行信用卡(4976),AlexLeon,2026-07-07,21:35,祥辉便利店 | 4048祥辉超市桂桥路店 | [支出] | 状态:交易成功
退款,,CNY,60.7,平安银行信用卡(4976),AlexLeon,2026-07-07,21:12,郑位方-仙女 | 退款-亲情卡 | [不计收支] | 状态:退款成功
人情,,CNY,60.7,平安银行信用卡(4976),AlexLeon,2026-07-07,21:11,郑位方-仙女 | 亲情卡 | [支出] | 状态:交易成功
居家,,CNY,110.7,平安银行信用卡(4976),AlexLeon,2026-07-07,09:42,国网上海市电力公司(缴费) | 6月电费自动缴费-*南一-充电桩-根据每期出账后自动缴费 | [支出] | 状态:交易成功
购物,日用百货,CNY,5,平安银行信用卡(4976),AlexLeon,2026-07-06,14:34,统一超商（上海）便利有限公司 | 7-ELEVEn上海中宝盛达REDEMPTION | [支出] | 状态:交易成功
餐饮,,CNY,2,平安银行信用卡(4976),AlexLeon,2026-07-06,09:10,满座儿中宝盛达餐厅 | 档口4 | [支出] | 状态:交易成功
人情,,CNY,27,平安银行信用卡(4976),AlexLeon,2026-07-05,20:27,郑位方-仙女 | 亲情卡 | [支出] | 状态:交易成功
人情,,CNY,26,平安银行信用卡(4976),AlexLeon,2026-07-05,19:41,郑位方-仙女 | 亲情卡 | [支出] | 状态:交易成功
购物,日用百货,CNY,39.9,平安银行信用卡(4976),AlexLeon,2026-07-05,18:59,好特卖 | 上海杨浦滨江百联-条码支付 | [支出] | 状态:交易成功
购物,日用百货,CNY,26,平安银行信用卡(4976),AlexLeon,2026-07-05,18:16,上海市联华 | 江观球-支付宝 | [支出] | 状态:交易成功
购物,日用百货,CNY,7,平安银行信用卡(4976),AlexLeon,2026-07-05,14:21,联合一百超市明中路 | 联合一百超市明中路_10021002607051421030756222816616_78074808044085001 | [支出] | 状态:交易成功
购物,日用百货,CNY,5,平安银行信用卡(4976),AlexLeon,2026-07-03,22:42,联合一百超市明中路 | 联合一百超市明中路_10021002607032242380786222818118_77975250764085001 | [支出] | 状态:交易成功
餐饮,,CNY,24.48,平安银行信用卡(4976),AlexLeon,2026-07-03,12:32,伍谷鱼粉 | 10281069-00-0016扫码付款(00-重庆小面) | [支出] | 状态:交易成功
居家,,CNY,20,平安银行信用卡(4976),AlexLeon,2026-07-03,10:03,中国移动 | 为188****2773话费充值 | [支出] | 状态:交易成功
餐饮,,CNY,5.65,平安银行信用卡(4976),AlexLeon,2026-07-03,09:05,满座儿中宝盛达餐厅 | 档口1 | [支出] | 状态:交易成功
购物,日用百货,CNY,26,平安银行信用卡(4976),AlexLeon,2026-07-02,21:15,祥辉便利店 | 0625祥辉超市桂桥路店 | [支出] | 状态:交易成功
购物,日用百货,CNY,6.5,平安银行信用卡(4976),AlexLeon,2026-07-02,14:10,统一超商（上海）便利有限公司 | 7-ELEVEn上海中宝盛达REDEMPTION | [支出] | 状态:交易成功
购物,日用百货,CNY,4.3,平安银行信用卡(4976),AlexLeon,2026-07-01,18:42,统一超商（上海）便利有限公司 | 7-ELEVEn上海中宝盛达REDEMPTION | [支出] | 状态:交易成功
人情,,CNY,50,中国银行(5095),AlexLeon,2026-07-01,16:05,郑位方-仙女 | 亲情卡 | [支出] | 状态:交易成功
购物,日用百货,CNY,19,平安银行信用卡(4976),AlexLeon,2026-06-30,17:55,祥辉便利店 | 4115祥辉超市桂桥路店 | [支出] | 状态:交易成功
居家,,CNY,30,平安银行信用卡(4976),AlexLeon,2026-06-30,11:32,上海燃气有限公司 | 燃气费-上海****公共租赁住房运营有限公司 | [支出] | 状态:交易成功
购物,日用百货,CNY,6.8,平安银行信用卡(4976),AlexLeon,2026-06-30,09:08,7-11便利店 | 商品 | [支出] | 状态:交易成功
购物,日用百货,CNY,4.3,平安银行信用卡(4976),AlexLeon,2026-06-29,17:58,统一超商（上海）便利有限公司 | 7-ELEVEn上海中宝盛达REDEMPTION | [支出] | 状态:交易成功
人情,,CNY,0.1,平安银行信用卡(4976),AlexLeon,2026-06-29,15:39,郑位方-仙女 | 亲情卡 | [支出] | 状态:交易成功
购物,日用百货,CNY,4.5,平安银行信用卡(4976),AlexLeon,2026-06-28,21:39,上海市联华 | 江观球-支付宝 | [支出] | 状态:交易成功
购物,日用百货,CNY,24,平安银行信用卡(4976),AlexLeon,2026-06-28,10:17,金成超市 | E昆山市花桥镇好又多超市兆丰路加盟店 | [支出] | 状态:交易成功
退款,,CNY,81.98,平安银行信用卡(4976),AlexLeon,2026-06-27,21:48,郑位方-仙女 | 退款-亲情卡 | [不计收支] | 状态:退款成功
退款,,CNY,81.98,平安银行信用卡(4976),AlexLeon,2026-06-27,19:51,郑位方-仙女 | 退款-亲情卡 | [不计收支] | 状态:退款成功
购物,日用百货,CNY,7.3,中国银行(5095),AlexLeon,2026-06-27,12:24,店DGRgJs | 收钱码收款 | [支出] | 状态:交易成功
人情,,CNY,10,平安银行信用卡(4976),AlexLeon,2026-06-26,14:17,郑位方-仙女 | 亲情卡 | [支出] | 状态:交易成功
人情,,CNY,20,平安银行信用卡(4976),AlexLeon,2026-06-26,14:17,郑位方-仙女 | 亲情卡 | [支出] | 状态:交易成功
购物,日用百货,CNY,21.5,平安银行信用卡(4976),AlexLeon,2026-06-26,12:36,祥辉便利店 | 2707祥辉超市桂桥路店 | [支出] | 状态:交易成功
退款,,CNY,25.06,平安银行信用卡(4976),AlexLeon,2026-06-26,04:20,郑位方-仙女 | 退款-亲情卡 | [不计收支] | 状态:退款成功
购物,日用百货,CNY,2.5,平安银行信用卡(4976),AlexLeon,2026-06-25,21:26,联合一百超市明中路 | 联合一百超市明中路_10021002606252126270686222812574_77407659835085001 | [支出] | 状态:交易成功
交通,,CNY,5,平安银行信用卡(4976),AlexLeon,2026-06-25,21:10,明中广场停车场 | ，沪AAV7121，2026-06-2519:36:34 | [支出] | 状态:交易成功
餐饮,,CNY,99,平安银行信用卡(4976),AlexLeon,2026-06-25,20:38,盱眙龙虾 | 经营码交易 | [支出] | 状态:交易成功
购物,日用百货,CNY,4.3,平安银行信用卡(4976),AlexLeon,2026-06-25,18:04,统一超商（上海）便利有限公司 | 7-ELEVEn上海中宝盛达REDEMPTION | [支出] | 状态:交易成功
餐饮,,CNY,4.5,平安银行信用卡(4976),AlexLeon,2026-06-25,09:06,满座儿中宝盛达餐厅 | 档口4 | [支出] | 状态:交易成功
娱乐,,CNY,12,平安银行信用卡(4976),AlexLeon,2026-06-25,01:36,App Store & Apple Music | App Store & Apple Music；06.24至06.25期间购买 | [支出] | 状态:交易成功
购物,日用百货,CNY,24.5,平安银行信用卡(4976),AlexLeon,2026-06-23,18:13,祥辉便利店 | 8212祥辉超市桂桥路店 | [支出] | 状态:交易成功
餐饮,,CNY,5.77,平安银行信用卡(4976),AlexLeon,2026-06-23,09:12,满座儿中宝盛达餐厅 | 档口1 | [支出] | 状态:交易成功
退款,,CNY,70.54,平安银行信用卡(4976),AlexLeon,2026-06-23,08:57,郑位方-仙女 | 退款-亲情卡 | [不计收支] | 状态:退款成功
人情,,CNY,29.9,平安银行信用卡(4976),AlexLeon,2026-06-22,22:51,郑位方-仙女 | 亲情卡 | [支出] | 状态:交易成功
餐饮,,CNY,26,平安银行信用卡(4976),AlexLeon,2026-06-22,12:23,满座儿中宝盛达餐厅 | 档口4 | [支出] | 状态:交易成功
购物,日用百货,CNY,7,平安银行信用卡(4976),AlexLeon,2026-06-22,10:24,统一超商（上海）便利有限公司 | 7-ELEVEn上海中宝盛达REDEMPTION | [支出] | 状态:交易成功
餐饮,,CNY,3.77,平安银行信用卡(4976),AlexLeon,2026-06-22,09:08,满座儿中宝盛达餐厅 | 档口1 | [支出] | 状态:交易成功
购物,日用百货,CNY,10.5,平安银行信用卡(4976),AlexLeon,2026-06-21,20:43,联合一百超市明中路 | 联合一百超市明中路_10021002606212043580766222813738_77131466460085001 | [支出] | 状态:交易成功
退款,,CNY,37.22,平安银行信用卡(4976),AlexLeon,2026-06-21,19:06,郑位方-仙女 | 退款-亲情卡 | [不计收支] | 状态:退款成功
人情,,CNY,4.35,中国银行(5095),AlexLeon,2026-06-20,22:06,郑位方-仙女 | 亲情卡 | [支出] | 状态:交易成功
购物,日用百货,CNY,1,平安银行信用卡(4976),AlexLeon,2026-06-20,21:41,金成超市 | E昆山市花桥镇好又多超市兆丰路加盟店 | [支出] | 状态:交易成功
购物,日用百货,CNY,3,平安银行信用卡(4976),AlexLeon,2026-06-20,21:41,金成超市 | E昆山市花桥镇好又多超市兆丰路加盟店 | [支出] | 状态:交易成功
购物,,CNY,38,平安银行信用卡(4976),AlexLeon,2026-06-20,21:37,剪不简发型设计 | [支出] | 状态:交易成功
购物,日用百货,CNY,26,平安银行信用卡(4976),AlexLeon,2026-06-20,21:08,金成超市 | E昆山市花桥镇好又多超市兆丰路加盟店 | [支出] | 状态:交易成功
退款,,CNY,272.83,平安银行信用卡(4976),AlexLeon,2026-06-20,12:17,郑位方-仙女 | 退款-亲情卡 | [不计收支] | 状态:退款成功
购物,日用百货,CNY,3.5,平安银行信用卡(4976),AlexLeon,2026-06-19,23:27,联合一百超市明中路 | 联合一百超市明中路_10021002606192327510766222819266_77025532691085001 | [支出] | 状态:交易成功
购物,日用百货,CNY,7,平安银行信用卡(4976),AlexLeon,2026-06-19,16:10,东荟轩 | 东荟轩便利店 店内购物 | [支出] | 状态:交易成功
购物,日用百货,CNY,3.5,平安银行信用卡(4976),AlexLeon,2026-06-18,23:04,联合一百超市明中路 | 联合一百超市明中路_10021002606182304090686222816501_76962213355085001 | [支出] | 状态:交易成功
餐饮,,CNY,28.5,平安银行信用卡(4976),AlexLeon,2026-06-18,12:16,伍谷鱼粉 | 重庆小面-消费付款 | [支出] | 状态:交易成功
餐饮,,CNY,8,平安银行信用卡(4976),AlexLeon,2026-06-18,09:10,满座儿中宝盛达餐厅 | 档口1 | [支出] | 状态:交易成功
人情,,CNY,3813.35,平安银行信用卡(4976),AlexLeon,2026-06-18,00:54,郑位方-仙女 | 亲情卡 | [支出] | 状态:交易成功
人情,,CNY,110.4,平安银行信用卡(4976),AlexLeon,2026-06-18,00:54,郑位方-仙女 | 亲情卡 | [支出] | 状态:交易成功
人情,,CNY,38.71,平安银行信用卡(4976),AlexLeon,2026-06-18,00:54,郑位方-仙女 | 亲情卡 | [支出] | 状态:交易成功
餐饮,,CNY,14.8,平安银行信用卡(4976),AlexLeon,2026-06-17,22:17,淘宝闪购 | 徐州肉筋·卷饼(双阳路店)外卖订单 | [支出] | 状态:交易成功
购物,日用百货,CNY,26,平安银行信用卡(4976),AlexLeon,2026-06-17,21:38,祥辉便利店 | 8898祥辉超市桂桥路店 | [支出] | 状态:交易成功
购物,日用百货,CNY,9.9,平安银行信用卡(4976),AlexLeon,2026-06-17,09:09,统一超商（上海）便利有限公司 | 支付订单 | [支出] | 状态:交易成功
购物,日用百货,CNY,6.5,平安银行信用卡(4976),AlexLeon,2026-06-16,17:49,统一超商（上海）便利有限公司 | 7-ELEVEn上海中宝盛达REDEMPTION | [支出] | 状态:交易成功
购物,,CNY,135.8,平安银行信用卡(4976),AlexLeon,2026-06-15,22:36,Stripe Inc | STRIPE | [支出] | 状态:交易成功
餐饮,,CNY,78,平安银行信用卡(4976),AlexLeon,2026-06-15,21:23,红渡小香（长阳路和乐里店） | 上海红渡餐饮管理有限公司长阳路分店 | [支出] | 状态:交易成功
购物,日用百货,CNY,6.5,平安银行信用卡(4976),AlexLeon,2026-06-15,19:11,统一超商（上海）便利有限公司 | 7-ELEVEn上海中宝盛达REDEMPTION | [支出] | 状态:交易成功
退款,,CNY,882.94,平安银行信用卡(4976),AlexLeon,2026-06-15,18:51,郑位方-仙女 | 退款-亲情卡 | [不计收支] | 状态:退款成功
人情,,CNY,882.94,平安银行信用卡(4976),AlexLeon,2026-06-15,18:50,郑位方-仙女 | 亲情卡 | [支出] | 状态:交易成功
餐饮,,CNY,23.89,平安银行信用卡(4976),AlexLeon,2026-06-15,12:28,伍谷鱼粉 | 10281069-00-0001扫码付款(00-重庆小面) | [支出] | 状态:交易成功
餐饮,,CNY,4,平安银行信用卡(4976),AlexLeon,2026-06-15,09:10,满座儿中宝盛达餐厅 | 档口4 | [支出] | 状态:交易成功
人情,,CNY,100,平安银行信用卡(4976),AlexLeon,2026-06-15,01:39,郑位方-仙女 | 亲情卡 | [支出] | 状态:交易成功
人情,,CNY,30,平安银行信用卡(4976),AlexLeon,2026-06-15,00:41,郑位方-仙女 | 亲情卡 | [支出] | 状态:交易成功
人情,,CNY,162,平安银行信用卡(4976),AlexLeon,2026-06-14,14:35,郑位方-仙女 | 亲情卡 | [支出] | 状态:交易成功
医疗,保险,CNY,28.9,平安银行信用卡(4976),AlexLeon,2026-06-14,10:47,中国人民健康保险股份有限公司 | 2026.6月保费缴清-好医保·长期医疗-**瑞 | [支出] | 状态:交易成功
退款,,CNY,353.48,平安银行信用卡(4976),AlexLeon,2026-06-13,22:45,郑位方-仙女 | 退款-亲情卡 | [不计收支] | 状态:退款成功
人情,,CNY,353.48,平安银行信用卡(4976),AlexLeon,2026-06-13,22:45,郑位方-仙女 | 亲情卡 | [支出] | 状态:交易成功
购物,日用百货,CNY,31,平安银行信用卡(4976),AlexLeon,2026-06-13,20:18,祥辉便利店 | 6047祥辉超市桂桥路店 | [支出] | 状态:交易成功
人情,,CNY,10,平安银行信用卡(4976),AlexLeon,2026-06-13,19:50,郑位方-仙女 | 亲情卡 | [支出] | 状态:交易成功
人情,,CNY,288,平安银行信用卡(4976),AlexLeon,2026-06-13,19:49,郑位方-仙女 | 亲情卡 | [支出] | 状态:交易成功
退款,,CNY,96.2,平安银行信用卡(4976),AlexLeon,2026-06-13,00:18,郑位方-仙女 | 退款-亲情卡 | [不计收支] | 状态:退款成功
人情,,CNY,96.2,平安银行信用卡(4976),AlexLeon,2026-06-13,00:17,郑位方-仙女 | 亲情卡 | [支出] | 状态:交易成功
购物,日用百货,CNY,25.55,平安银行信用卡(4976),AlexLeon,2026-06-12,18:44,祥辉便利店 | 0346祥辉超市桂桥路店 | [支出] | 状态:交易成功
娱乐,,CNY,30,平安银行信用卡(4976),AlexLeon,2026-06-12,05:13,App Store & Apple Music | App Store & Apple Music；06.12购买 | [支出] | 状态:交易成功
人情,,CNY,30,平安银行信用卡(4976),AlexLeon,2026-06-11,21:41,郑位方-仙女 | 亲情卡 | [支出] | 状态:交易成功
购物,日用百货,CNY,4.3,平安银行信用卡(4976),AlexLeon,2026-06-11,19:08,统一超商（上海）便利有限公司 | 7-ELEVEn上海中宝盛达REDEMPTION | [支出] | 状态:交易成功
购物,日用百货,CNY,12,平安银行信用卡(4976),AlexLeon,2026-06-11,19:07,统一超商（上海）便利有限公司 | 支付订单 | [支出] | 状态:交易成功
购物,日用百货,CNY,7,平安银行信用卡(4976),AlexLeon,2026-06-11,08:50,统一超商（上海）便利有限公司 | 7-ELEVEn上海中宝盛达REDEMPTION | [支出] | 状态:交易成功
购物,日用百货,CNY,5.6,平安银行信用卡(4976),AlexLeon,2026-06-11,08:49,统一超商（上海）便利有限公司 | 支付订单 | [支出] | 状态:交易成功
人情,,CNY,184.98,平安银行信用卡(4976),AlexLeon,2026-06-10,23:08,郑位方-仙女 | 亲情卡 | [支出] | 状态:交易成功
人情,,CNY,53.13,平安银行信用卡(4976),AlexLeon,2026-06-10,23:08,郑位方-仙女 | 亲情卡 | [支出] | 状态:交易成功
人情,,CNY,31.25,平安银行信用卡(4976),AlexLeon,2026-06-10,23:08,郑位方-仙女 | 亲情卡 | [支出] | 状态:交易成功
购物,日用百货,CNY,26,平安银行信用卡(4976),AlexLeon,2026-06-10,18:03,祥辉便利店 | 2486祥辉超市桂桥路店 | [支出] | 状态:交易成功
餐饮,,CNY,25.37,平安银行信用卡(4976),AlexLeon,2026-06-10,12:21,伍谷鱼粉 | 10281069-00-0004扫码付款(00-重庆小面) | [支出] | 状态:交易成功
人情,,CNY,3,平安银行信用卡(4976),AlexLeon,2026-06-10,12:07,郑位方-仙女 | 亲情卡 | [支出] | 状态:交易成功
餐饮,,CNY,5,平安银行信用卡(4976),AlexLeon,2026-06-10,09:05,满座儿中宝盛达餐厅 | 档口4 | [支出] | 状态:交易成功
娱乐,,CNY,6,平安银行信用卡(4976),AlexLeon,2026-06-10,04:26,App Store & Apple Music | App Store & Apple Music；06.10购买 | [支出] | 状态:交易成功
购物,日用百货,CNY,4.3,平安银行信用卡(4976),AlexLeon,2026-06-09,18:30,统一超商（上海）便利有限公司 | 7-ELEVEn上海中宝盛达REDEMPTION | [支出] | 状态:交易成功
退款,,CNY,33.09,平安银行信用卡(4976),AlexLeon,2026-06-09,14:39,郑位方-仙女 | 退款-亲情卡 | [不计收支] | 状态:退款成功
人情,,CNY,33.09,平安银行信用卡(4976),AlexLeon,2026-06-09,14:39,郑位方-仙女 | 亲情卡 | [支出] | 状态:交易成功
人情,,CNY,6.98,中国银行(5095),AlexLeon,2026-06-09,09:39,郑位方-仙女 | 亲情卡 | [支出] | 状态:交易成功
人情,,CNY,6.9,中国银行(5095),AlexLeon,2026-06-09,09:39,郑位方-仙女 | 亲情卡 | [支出] | 状态:交易成功
人情,,CNY,12.9,中国银行(5095),AlexLeon,2026-06-09,09:39,郑位方-仙女 | 亲情卡 | [支出] | 状态:交易成功
人情,,CNY,10.9,中国银行(5095),AlexLeon,2026-06-09,09:39,郑位方-仙女 | 亲情卡 | [支出] | 状态:交易成功
人情,,CNY,1.9,中国银行(5095),AlexLeon,2026-06-09,09:39,郑位方-仙女 | 亲情卡 | [支出] | 状态:交易成功
人情,,CNY,5.27,中国银行(5095),AlexLeon,2026-06-09,09:39,郑位方-仙女 | 亲情卡 | [支出] | 状态:交易成功
人情,,CNY,4.9,中国银行(5095),AlexLeon,2026-06-09,09:39,郑位方-仙女 | 亲情卡 | [支出] | 状态:交易成功
餐饮,,CNY,5,平安银行信用卡(4976),AlexLeon,2026-06-09,09:08,满座儿中宝盛达餐厅 | 档口4 | [支出] | 状态:交易成功
娱乐,,CNY,128,平安银行信用卡(4976),AlexLeon,2026-06-09,01:32,App Store & Apple Music | App Store & Apple Music；06.09购买 | [支出] | 状态:交易成功
购物,日用百货,CNY,4.3,平安银行信用卡(4976),AlexLeon,2026-06-08,15:51,统一超商（上海）便利有限公司 | 7-ELEVEn上海中宝盛达REDEMPTION | [支出] | 状态:交易成功
餐饮,,CNY,5,平安银行信用卡(4976),AlexLeon,2026-06-08,09:05,满座儿中宝盛达餐厅 | 档口1 | [支出] | 状态:交易成功
交通,,CNY,52.5,平安银行信用卡(4976),AlexLeon,2026-06-07,20:40,上海世纪承乾物业管理有限公司 | 停车费用-沪-AAV7121-P200924855 | [支出] | 状态:交易成功
餐饮,,CNY,111.5,中国银行(5095),AlexLeon,2026-06-07,19:31,沪西老弄堂面馆 | 收钱码收款 | [支出] | 状态:交易成功
购物,日用百货,CNY,3.5,平安银行信用卡(4976),AlexLeon,2026-06-07,19:23,上海好德便利有限公司 | 订单:30005503533828 | [支出] | 状态:交易成功
购物,日用百货,CNY,4.3,平安银行信用卡(4976),AlexLeon,2026-06-07,16:45,罗森便利店 | 支付宝支付石门二路店消费 | [支出] | 状态:交易成功
居家,,CNY,129.2,平安银行信用卡(4976),AlexLeon,2026-06-07,12:45,国网上海市电力公司(缴费) | 5月电费自动缴费-*南一-充电桩-根据每期出账后自动缴费 | [支出] | 状态:交易成功
娱乐,,CNY,647.9,平安银行信用卡(4976),AlexLeon,2026-06-06,04:03,App Store & Apple Music | App Store & Apple Music；06.06购买 | [支出] | 状态:交易成功
购物,日用百货,CNY,3.5,平安银行信用卡(4976),AlexLeon,2026-06-05,22:36,联合一百超市明中路 | 联合一百超市明中路_10021002606052236430686222814574_76097656075085001 | [支出] | 状态:交易成功
购物,日用百货,CNY,25,平安银行信用卡(4976),AlexLeon,2026-06-05,22:36,上海市松江区新桥镇尚陶百货经营部 | 25.0元 | [支出] | 状态:交易成功
餐饮,,CNY,21.5,平安银行信用卡(4976),AlexLeon,2026-06-05,12:21,伍谷鱼粉 | 重庆小面-消费付款 | [支出] | 状态:交易成功
餐饮,,CNY,5.9,平安银行信用卡(4976),AlexLeon,2026-06-05,09:09,满座儿中宝盛达餐厅 | 档口4 | [支出] | 状态:交易成功
人情,,CNY,240,中国银行(5095),AlexLeon,2026-06-04,18:53,郑位方-仙女 | 亲情卡 | [支出] | 状态:交易成功
购物,日用百货,CNY,4.3,平安银行信用卡(4976),AlexLeon,2026-06-04,17:57,统一超商（上海）便利有限公司 | 7-ELEVEn上海中宝盛达REDEMPTION | [支出] | 状态:交易成功
餐饮,,CNY,9.5,平安银行信用卡(4976),AlexLeon,2026-06-04,09:05,满座儿中宝盛达餐厅 | 档口4 | [支出] | 状态:交易成功
医疗,,CNY,55.2,平安银行信用卡(4976),AlexLeon,2026-06-03,20:27,淘宝闪购 | 优护医森医疗器械(上海杨浦店) | [支出] | 状态:交易成功
购物,日用百货,CNY,9.7,平安银行信用卡(4976),AlexLeon,2026-06-03,15:29,统一超商（上海）便利有限公司 | 7-ELEVEn上海中宝盛达REDEMPTION | [支出] | 状态:交易成功
餐饮,,CNY,9.35,平安银行信用卡(4976),AlexLeon,2026-06-03,09:04,满座儿中宝盛达餐厅 | 档口1 | [支出] | 状态:交易成功
购物,日用百货,CNY,26,平安银行信用卡(4976),AlexLeon,2026-06-02,22:45,祥辉便利店 | 8632祥辉超市桂桥路店 | [支出] | 状态:交易成功
人情,,CNY,9.63,平安银行信用卡(4976),AlexLeon,2026-06-02,12:50,郑位方-仙女 | 亲情卡 | [支出] | 状态:交易成功
购物,日用百货,CNY,5,平安银行信用卡(4976),AlexLeon,2026-06-02,10:22,统一超商（上海）便利有限公司 | 7-ELEVEn上海中宝盛达REDEMPTION | [支出] | 状态:交易成功
餐饮,,CNY,9.5,平安银行信用卡(4976),AlexLeon,2026-06-02,09:01,满座儿中宝盛达餐厅 | 档口1 | [支出] | 状态:交易成功
居家,,CNY,72,平安银行信用卡(4976),AlexLeon,2026-06-02,00:45,上海燃气有限公司 | 燃气费-上海****公共租赁住房运营有限公司 | [支出] | 状态:交易成功
居家,,CNY,27.4,平安银行信用卡(4976),AlexLeon,2026-06-02,00:45,国网上海市电力公司(缴费) | 5月-电费-************* | [支出] | 状态:交易成功
居家,,CNY,108.7,平安银行信用卡(4976),AlexLeon,2026-06-02,00:45,国网上海市电力公司(缴费) | 4月-电费-************* | [支出] | 状态:交易成功
居家,,CNY,32.4,平安银行信用卡(4976),AlexLeon,2026-06-02,00:44,上海城投水务(集团)有限公司 | 水费-**实名 | [支出] | 状态:交易成功
购物,日用百货,CNY,4.3,平安银行信用卡(4976),AlexLeon,2026-06-01,15:29,统一超商（上海）便利有限公司 | 7-ELEVEn上海中宝盛达REDEMPTION | [支出] | 状态:交易成功
退款,,CNY,55,平安银行信用卡(4976),AlexLeon,2026-06-01,11:15,郑位方-仙女 | 退款-亲情卡 | [不计收支] | 状态:退款成功
退款,,CNY,55,平安银行信用卡(4976),AlexLeon,2026-06-01,11:06,郑位方-仙女 | 退款-亲情卡 | [不计收支] | 状态:退款成功
餐饮,,CNY,9.5,平安银行信用卡(4976),AlexLeon,2026-06-01,08:59,满座儿中宝盛达餐厅 | 档口1 | [支出] | 状态:交易成功
购物,日用百货,CNY,4,平安银行信用卡(4976),AlexLeon,2026-05-31,17:19,金成超市 | E昆山市花桥镇好又多超市兆丰路加盟店 | [支出] | 状态:交易成功
娱乐,,CNY,6,平安银行信用卡(4976),AlexLeon,2026-05-31,13:02,App Store & Apple Music | App Store & Apple Music；05.31购买 | [支出] | 状态:交易成功
娱乐,,CNY,48,平安银行信用卡(4976),AlexLeon,2026-05-31,01:49,App Store & Apple Music | App Store & Apple Music；05.31购买 | [支出] | 状态:交易成功
娱乐,,CNY,68,平安银行信用卡(4976),AlexLeon,2026-05-30,21:23,App Store & Apple Music | App Store & Apple Music；05.30购买 | [支出] | 状态:交易成功
娱乐,,CNY,6,平安银行信用卡(4976),AlexLeon,2026-05-30,02:34,App Store & Apple Music | App Store & Apple Music；05.29至05.30期间购买 | [支出] | 状态:交易成功
退款,,CNY,0.01,平安银行信用卡(4976),AlexLeon,2026-05-29,22:23,郑位方-仙女 | 退款-亲情卡 | [不计收支] | 状态:退款成功
餐饮,,CNY,22,平安银行信用卡(4976),AlexLeon,2026-05-29,21:13,亨正果品[新桥店] | 【订货猿】订单号：2060348775369658427 | [支出] | 状态:交易成功
购物,日用百货,CNY,4.3,平安银行信用卡(4976),AlexLeon,2026-05-29,19:35,统一超商（上海）便利有限公司 | 7-ELEVEn上海中宝盛达REDEMPTION | [支出] | 状态:交易成功
餐饮,,CNY,9.08,平安银行信用卡(4976),AlexLeon,2026-05-29,09:00,满座儿中宝盛达餐厅 | 档口4 | [支出] | 状态:交易成功
购物,日用百货,CNY,4.3,平安银行信用卡(4976),AlexLeon,2026-05-28,18:05,统一超商（上海）便利有限公司 | 7-ELEVEn上海中宝盛达REDEMPTION | [支出] | 状态:交易成功
人情,,CNY,2.2,平安银行信用卡(4976),AlexLeon,2026-05-28,13:30,郑位方-仙女 | 亲情卡 | [支出] | 状态:交易成功
人情,,CNY,3.61,平安银行信用卡(4976),AlexLeon,2026-05-28,13:30,郑位方-仙女 | 亲情卡 | [支出] | 状态:交易成功
购物,日用百货,CNY,26,平安银行信用卡(4976),AlexLeon,2026-05-28,11:16,祥辉便利店 | 7178祥辉超市桂桥路店 | [支出] | 状态:交易成功
餐饮,,CNY,9.4,平安银行信用卡(4976),AlexLeon,2026-05-28,09:08,满座儿中宝盛达餐厅 | 档口4 | [支出] | 状态:交易成功
购物,日用百货,CNY,4.3,平安银行信用卡(4976),AlexLeon,2026-05-27,12:31,统一超商（上海）便利有限公司 | 7-ELEVEn上海中宝盛达REDEMPTION | [支出] | 状态:交易成功
餐饮,,CNY,6,平安银行信用卡(4976),AlexLeon,2026-05-27,09:06,满座儿中宝盛达餐厅 | 档口4 | [支出] | 状态:交易成功
餐饮,,CNY,9.5,平安银行信用卡(4976),AlexLeon,2026-05-26,09:08,满座儿中宝盛达餐厅 | 档口4 | [支出] | 状态:交易成功
退款,,CNY,1337.88,平安银行信用卡(4976),AlexLeon,2026-05-25,19:31,郑位方-仙女 | 退款-亲情卡 | [不计收支] | 状态:退款成功
人情,,CNY,1337.88,平安银行信用卡(4976),AlexLeon,2026-05-25,19:30,郑位方-仙女 | 亲情卡 | [支出] | 状态:交易成功
退款,,CNY,141.13,平安银行信用卡(4976),AlexLeon,2026-05-25,18:49,郑位方-仙女 | 退款-亲情卡 | [不计收支] | 状态:退款成功
购物,日用百货,CNY,9.7,平安银行信用卡(4976),AlexLeon,2026-05-25,18:07,统一超商（上海）便利有限公司 | 7-ELEVEn上海中宝盛达REDEMPTION | [支出] | 状态:交易成功
医疗,保险,CNY,7400.5,平安银行信用卡(4976),AlexLeon,2026-05-25,11:54,中国人民财产保险股份有限公司 | 中国人保上海市分公司收保费 | [支出] | 状态:交易成功
餐饮,,CNY,6.5,平安银行信用卡(4976),AlexLeon,2026-05-25,09:11,满座儿中宝盛达餐厅 | 档口1 | [支出] | 状态:交易成功
购物,日用百货,CNY,7.12,平安银行信用卡(4976),AlexLeon,2026-05-24,21:54,罗森(月台路店) | 支付宝支付月台路消费 | [支出] | 状态:交易成功
人情,,CNY,92.29,平安银行信用卡(4976),AlexLeon,2026-05-24,14:03,郑位方-仙女 | 亲情卡 | [支出] | 状态:交易成功
退款,,CNY,122.28,平安银行信用卡(4976),AlexLeon,2026-05-24,02:47,郑位方-仙女 | 退款-亲情卡 | [不计收支] | 状态:退款成功
人情,,CNY,122.28,平安银行信用卡(4976),AlexLeon,2026-05-24,02:46,郑位方-仙女 | 亲情卡 | [支出] | 状态:交易成功
人情,,CNY,0.01,平安银行信用卡(4976),AlexLeon,2026-05-24,02:46,郑位方-仙女 | 亲情卡 | [支出] | 状态:交易成功
购物,日用百货,CNY,3.5,平安银行信用卡(4976),AlexLeon,2026-05-23,20:52,祥辉便利店 | 8353祥辉超市桂桥路店 | [支出] | 状态:交易成功
购物,日用百货,CNY,66,平安银行信用卡(4976),AlexLeon,2026-05-23,20:46,祥辉便利店 | 6860祥辉超市桂桥路店 | [支出] | 状态:交易成功
退款,,CNY,51.99,平安银行信用卡(4976),AlexLeon,2026-05-23,16:06,郑位方-仙女 | 退款-亲情卡 | [不计收支] | 状态:退款成功
人情,,CNY,42,中国银行(5095),AlexLeon,2026-05-23,11:34,郑位方-仙女 | 亲情卡 | [支出] | 状态:交易成功
餐饮,,CNY,26.1,平安银行信用卡(4976),AlexLeon,2026-05-23,08:00,陈香贵（上海杨浦控江路店） | 【陈香贵(上海杨浦控江路店)】【2057969701964230688】 | [支出] | 状态:交易成功
购物,日用百货,CNY,12,平安银行信用卡(4976),AlexLeon,2026-05-22,19:36,祥辉超市桂桥路店 | 上海市浦东新区金桥镇祥辉便利店-支付宝 | [支出] | 状态:交易成功
餐饮,,CNY,21,平安银行信用卡(4976),AlexLeon,2026-05-22,09:58,上海市李小龙杭州小笼包大林路店 | 李小笼杭州新华医院店ALIPAY实际支付21.0元 | [支出] | 状态:交易成功
医疗,,CNY,1499.9,平安银行信用卡(4976),AlexLeon,2026-05-22,02:07,上海交通大学医学院附属新华医院 | 住院预交金 | [支出] | 状态:交易成功
医疗,,CNY,2.67,平安银行信用卡(4976),AlexLeon,2026-05-22,01:17,上海交通大学医学院附属新华医院 | 处方费用 | [支出] | 状态:交易成功
医疗,,CNY,13.2,平安银行信用卡(4976),AlexLeon,2026-05-22,01:13,上海交通大学医学院附属新华医院 | 挂号费用 | [支出] | 状态:交易成功
医疗,,CNY,30,平安银行信用卡(4976),AlexLeon,2026-05-22,01:13,上海交通大学医学院附属新华医院 | 挂号费用 | [支出] | 状态:交易成功
人情,,CNY,55,平安银行信用卡(4976),AlexLeon,2026-05-21,21:44,郑位方-仙女 | 亲情卡 | [支出] | 状态:交易成功
人情,,CNY,55,平安银行信用卡(4976),AlexLeon,2026-05-21,21:36,郑位方-仙女 | 亲情卡 | [支出] | 状态:交易成功
购物,日用百货,CNY,26,平安银行信用卡(4976),AlexLeon,2026-05-21,21:15,祥辉便利店 | 7594祥辉超市桂桥路店 | [支出] | 状态:交易成功
购物,日用百货,CNY,9.7,平安银行信用卡(4976),AlexLeon,2026-05-21,14:13,统一超商（上海）便利有限公司 | 7-ELEVEn上海中宝盛达REDEMPTION | [支出] | 状态:交易成功
餐饮,,CNY,9,平安银行信用卡(4976),AlexLeon,2026-05-21,09:02,满座儿中宝盛达餐厅 | 档口4 | [支出] | 状态:交易成功
人情,,CNY,3,平安银行信用卡(4976),AlexLeon,2026-05-20,14:35,郑位方-仙女 | 亲情卡 | [支出] | 状态:交易成功
餐饮,,CNY,9.5,平安银行信用卡(4976),AlexLeon,2026-05-20,08:36,满座儿中宝盛达餐厅 | 档口4 | [支出] | 状态:交易成功
购物,日用百货,CNY,26,平安银行信用卡(4976),AlexLeon,2026-05-19,18:13,祥辉便利店 | 1294祥辉超市桂桥路店 | [支出] | 状态:交易成功
餐饮,,CNY,21.33,平安银行信用卡(4976),AlexLeon,2026-05-19,12:18,伍谷鱼粉 | 10281069-00-0023扫码付款(00-重庆小面) | [支出] | 状态:交易成功
人情,,CNY,171.97,平安银行信用卡(4976),AlexLeon,2026-05-18,10:47,郑位方-仙女 | 亲情卡 | [支出] | 状态:交易成功
餐饮,,CNY,5.5,平安银行信用卡(4976),AlexLeon,2026-05-18,09:00,满座儿中宝盛达餐厅 | 档口1 | [支出] | 状态:交易成功
娱乐,,CNY,30,平安银行信用卡(4976),AlexLeon,2026-05-18,06:00,App Store & Apple Music | App Store & Apple Music；05.18购买 | [支出] | 状态:交易成功
交通,,CNY,8,平安银行信用卡(4976),AlexLeon,2026-05-17,23:13,上海医大生健经贸有限公司 | 复旦大学附属妇产科医院-沪AAV7121-停车费 | [支出] | 状态:交易成功
医疗,,CNY,30,平安银行信用卡(4976),AlexLeon,2026-05-17,22:58,复旦大学附属妇产科医院 | YEZZJ001_挂号 | [支出] | 状态:交易成功
餐饮,,CNY,120,平安银行信用卡(4976),AlexLeon,2026-05-17,20:04,松江区盱眙龙虾 | 商户程永 | [支出] | 状态:交易成功
购物,日用百货,CNY,5,平安银行信用卡(4976),AlexLeon,2026-05-17,19:40,联合一百超市明中路 | 联合一百超市明中路_10021002605171940090496222810860_74802121064085001 | [支出] | 状态:交易成功
购物,日用百货,CNY,3.5,平安银行信用卡(4976),AlexLeon,2026-05-17,17:20,联合一百超市明中路 | 联合一百超市明中路_10021002605171720550686222819337_74782562155085001 | [支出] | 状态:交易成功
餐饮,,CNY,13.23,平安银行信用卡(4976),AlexLeon,2026-05-17,14:46,盒马 | 黄金油蟠桃 450g(单果60g+) | [支出] | 状态:交易成功
餐饮,,CNY,25.2,平安银行信用卡(4976),AlexLeon,2026-05-17,14:33,亨正果品[新桥店] | 【订货猿】订单号：2055899467505017003 | [支出] | 状态:交易成功
购物,日用百货,CNY,10,平安银行信用卡(4976),AlexLeon,2026-05-16,20:52,联合一百超市明中路 | 联合一百超市明中路_10021002605162052270706222819527_74743723391085001 | [支出] | 状态:交易成功
购物,日用百货,CNY,24.3,平安银行信用卡(4976),AlexLeon,2026-05-16,16:00,沪南公路二店 | 上海全家便利店 | [支出] | 状态:交易成功
医疗,,CNY,469.89,平安银行信用卡(4976),AlexLeon,2026-05-16,15:29,上海市第一妇婴保健院 | 第一妇婴扫码支付 | [支出] | 状态:交易成功
购物,,CNY,137,平安银行信用卡(4976),AlexLeon,2026-05-15,22:37,Stripe Inc | STRIPE | [支出] | 状态:交易成功
餐饮,,CNY,9.4,平安银行信用卡(4976),AlexLeon,2026-05-15,11:08,烤红薯 | 经营码交易 | [支出] | 状态:交易成功
购物,日用百货,CNY,9.72,平安银行信用卡(4976),AlexLeon,2026-05-15,11:04,罗森(杨浦红房子) | 支付宝支付杨浦红房子店消费 | [支出] | 状态:交易成功
购物,日用百货,CNY,4,平安银行信用卡(4976),AlexLeon,2026-05-15,10:32,青青便利店 | 馨纽母婴生活馆上海沈阳路店 | [支出] | 状态:交易成功
餐饮,,CNY,5,平安银行信用卡(4976),AlexLeon,2026-05-15,10:28,巴比馒头 | 经营码交易 | [支出] | 状态:交易成功
交通,,CNY,2,平安银行信用卡(4976),AlexLeon,2026-05-14,19:34,上海公共交通卡股份有限公司 | 上海公交-958路-2026-05-14 17:34:20 | [支出] | 状态:交易成功
人情,,CNY,2,平安银行信用卡(4976),AlexLeon,2026-05-14,19:34,郑位方-仙女 | 亲情卡 | [支出] | 状态:交易成功
退款,,CNY,50,平安银行信用卡(4976),AlexLeon,2026-05-14,16:54,中国福利会国际和平妇幼保健院 | 退款-窗口扫码付费 | [不计收支] | 状态:退款成功
医疗,,CNY,180,平安银行信用卡(4976),AlexLeon,2026-05-14,16:08,中国福利会国际和平妇幼保健院 | 自助扫码付费 | [支出] | 状态:交易成功
医疗,,CNY,399.9,平安银行信用卡(4976),AlexLeon,2026-05-14,15:43,中国福利会国际和平妇幼保健院 | 窗口扫码挂号 | [支出] | 状态:交易成功
购物,日用百货,CNY,4.5,平安银行信用卡(4976),AlexLeon,2026-05-14,14:11,玺乐购 | 智能货柜消费_可口可乐汽水瓶装系列_消费时间:2026-05-14 14:11:09 | [支出] | 状态:交易成功
人情,,CNY,11.94,平安银行信用卡(4976),AlexLeon,2026-05-14,11:52,郑位方-仙女 | 亲情卡 | [支出] | 状态:交易成功
医疗,保险,CNY,28.9,平安银行信用卡(4976),AlexLeon,2026-05-14,11:16,中国人民健康保险股份有限公司 | 2026.5月保费缴清-好医保·长期医疗-**瑞 | [支出] | 状态:交易成功
购物,日用百货,CNY,6.5,平安银行信用卡(4976),AlexLeon,2026-05-13,18:01,统一超商（上海）便利有限公司 | 7-ELEVEn上海中宝盛达REDEMPTION | [支出] | 状态:交易成功
餐饮,,CNY,5.5,平安银行信用卡(4976),AlexLeon,2026-05-13,09:09,满座儿中宝盛达餐厅 | 档口1 | [支出] | 状态:交易成功
人情,,CNY,2,平安银行信用卡(4976),AlexLeon,2026-05-13,09:03,郑位方-仙女 | 亲情卡 | [支出] | 状态:交易成功
购物,日用百货,CNY,19,平安银行信用卡(4976),AlexLeon,2026-05-12,22:55,祥辉便利店 | 4743祥辉超市桂桥路店 | [支出] | 状态:交易成功
餐饮,,CNY,5.5,平安银行信用卡(4976),AlexLeon,2026-05-12,09:09,满座儿中宝盛达餐厅 | 档口4 | [支出] | 状态:交易成功
退款,,CNY,54.99,平安银行信用卡(4976),AlexLeon,2026-05-11,09:08,郑位方-仙女 | 退款-亲情卡 | [不计收支] | 状态:退款成功
购物,日用百货,CNY,26,平安银行信用卡(4976),AlexLeon,2026-05-10,20:34,上海市松江区新桥镇尚陶百货经营部 | 26.0元 | [支出] | 状态:交易成功
购物,,CNY,260,平安银行信用卡(4976),AlexLeon,2026-05-10,16:00,荟众科技 | 2053384610494251009 | [支出] | 状态:交易成功
人情,,CNY,1,中国银行(5095),AlexLeon,2026-05-10,15:41,郑位方-仙女 | 亲情卡 | [支出] | 状态:交易成功
退款,,CNY,40,平安银行信用卡(4976),AlexLeon,2026-05-10,13:51,郑位方-仙女 | 退款-亲情卡 | [不计收支] | 状态:退款成功
人情,,CNY,40,平安银行信用卡(4976),AlexLeon,2026-05-10,12:27,郑位方-仙女 | 亲情卡 | [支出] | 状态:交易成功
餐饮,,CNY,5,平安银行信用卡(4976),AlexLeon,2026-05-10,12:05,上海市松江区九亭镇帅果饮品店 | 蜜雪冰城941580店 | [支出] | 状态:交易成功
人情,,CNY,0.1,平安银行信用卡(4976),AlexLeon,2026-05-09,11:26,郑位方-仙女 | 亲情卡 | [支出] | 状态:交易成功
餐饮,,CNY,7,平安银行信用卡(4976),AlexLeon,2026-05-09,09:10,满座儿中宝盛达餐厅 | 档口4 | [支出] | 状态:交易成功
购物,日用百货,CNY,6.5,平安银行信用卡(4976),AlexLeon,2026-05-08,19:15,统一超商（上海）便利有限公司 | 7-ELEVEn上海中宝盛达REDEMPTION | [支出] | 状态:交易成功
餐饮,,CNY,5.55,平安银行信用卡(4976),AlexLeon,2026-05-08,09:06,满座儿中宝盛达餐厅 | 档口1 | [支出] | 状态:交易成功
购物,日用百货,CNY,19,平安银行信用卡(4976),AlexLeon,2026-05-07,12:53,祥辉便利店 | 5358祥辉超市桂桥路店 | [支出] | 状态:交易成功
人情,,CNY,1,中国银行(5095),AlexLeon,2026-05-07,12:38,郑位方-仙女 | 亲情卡 | [支出] | 状态:交易成功
购物,日用百货,CNY,6.5,平安银行信用卡(4976),AlexLeon,2026-05-07,10:30,统一超商（上海）便利有限公司 | 7-ELEVEn上海中宝盛达REDEMPTION | [支出] | 状态:交易成功
居家,,CNY,162.1,平安银行信用卡(4976),AlexLeon,2026-05-07,10:22,国网上海市电力公司(缴费) | 4月电费自动缴费-*南一-充电桩-根据每期出账后自动缴费 | [支出] | 状态:交易成功
餐饮,,CNY,3,平安银行信用卡(4976),AlexLeon,2026-05-07,09:05,满座儿中宝盛达餐厅 | 档口4 | [支出] | 状态:交易成功
购物,日用百货,CNY,6.5,平安银行信用卡(4976),AlexLeon,2026-05-06,10:23,统一超商（上海）便利有限公司 | 7-ELEVEn上海中宝盛达REDEMPTION | [支出] | 状态:交易成功
人情,,CNY,164.97,平安银行信用卡(4976),AlexLeon,2026-05-06,00:01,郑位方-仙女 | 亲情卡 | [支出] | 状态:交易成功
购物,日用百货,CNY,18,平安银行信用卡(4976),AlexLeon,2026-05-05,21:41,上海市松江区新桥镇尚陶百货经营部 | 18.0元 | [支出] | 状态:交易成功
购物,,CNY,23.9,平安银行信用卡(4976),AlexLeon,2026-05-05,18:53,荟众科技 | 2051616383273590785 | [支出] | 状态:交易成功
交通,,CNY,21,平安银行信用卡(4976),AlexLeon,2026-05-05,16:10,上海市第八人民泊车服务部 | 上海市第八人民医院停车场-临时停车费(沪AAV7121) | [支出] | 状态:交易成功
医疗,,CNY,3.54,平安银行信用卡(4976),AlexLeon,2026-05-05,15:56,上海市第八人民医院 | [支出] | 状态:交易成功
医疗,,CNY,3,平安银行信用卡(4976),AlexLeon,2026-05-05,13:39,上海市第八人民医院 | [支出] | 状态:交易成功
人情,,CNY,158,平安银行信用卡(4976),AlexLeon,2026-05-05,13:38,郑位方-仙女 | 亲情卡 | [支出] | 状态:交易成功
人情,,CNY,6.75,平安银行信用卡(4976),AlexLeon,2026-05-05,13:36,郑位方-仙女 | 亲情卡 | [支出] | 状态:交易成功
居家,,CNY,6,平安银行信用卡(4976),AlexLeon,2026-05-05,12:38,上海申大物业有限公司青年城 | 上海申大物业青年城 | [支出] | 状态:交易成功
餐饮,,CNY,184,平安银行信用卡(4976),AlexLeon,2026-05-05,12:14,先启半步颠小酒馆（九亭店） | [支出] | 状态:交易成功
购物,,CNY,487.9,平安银行信用卡(4976),AlexLeon,2026-05-05,10:48,汇来米 | 萌宝贝孕婴摄影 | [支出] | 状态:交易成功
购物,日用百货,CNY,10,平安银行信用卡(4976),AlexLeon,2026-05-04,19:57,联合一百超市明中路 | 联合一百超市明中路_10021002605041957010686222816872_73964037164085001 | [支出] | 状态:交易成功
娱乐,,CNY,28,平安银行信用卡(4976),AlexLeon,2026-05-04,18:28,抖音生活服务商家 | 特惠单人游泳门票 | [支出] | 状态:交易成功
交通,,CNY,5,平安银行信用卡(4976),AlexLeon,2026-05-03,20:30,安徽驿通信息科技有限公司 | 小程序停车费支付 | [支出] | 状态:交易成功
购物,日用百货,CNY,7.9,平安银行信用卡(4976),AlexLeon,2026-05-03,20:18,ALDI奥乐齐 | [支出] | 状态:交易成功
购物,日用百货,CNY,19.9,平安银行信用卡(4976),AlexLeon,2026-05-03,19:43,ALDI奥乐齐 | [支出] | 状态:交易成功
购物,日用百货,CNY,3,平安银行信用卡(4976),AlexLeon,2026-05-03,19:28,快客上海莘松路店 | [支出] | 状态:交易成功
餐饮,,CNY,74.55,平安银行信用卡(4976),AlexLeon,2026-05-03,19:09,上海市富饶鲜果蔬直销超市 | 消费单号:260503-0002-00157;共2项商品 | [支出] | 状态:交易成功
餐饮,,CNY,128.8,平安银行信用卡(4976),AlexLeon,2026-05-02,21:58,上海市富饶鲜果蔬直销超市 | 消费单号:260502-0002-00149;共2项商品 | [支出] | 状态:交易成功
交通,,CNY,45,平安银行信用卡(4976),AlexLeon,2026-05-02,19:06,安徽驿通信息科技有限公司 | 临时停车缴费 | [支出] | 状态:交易成功
人情,,CNY,9080,平安银行信用卡(4976),AlexLeon,2026-05-02,14:20,郑位方-仙女 | 亲情卡 | [支出] | 状态:交易成功
交通,,CNY,14,平安银行信用卡(4976),AlexLeon,2026-05-02,13:55,停简单平台商户 | 停车费用（支付）-沪AAV7121 | [支出] | 状态:交易成功
购物,日用百货,CNY,6,平安银行信用卡(4976),AlexLeon,2026-05-02,13:39,快客联谊路店 | 快客联谊路店_10021002605021339020502891315571_73833683204695001 | [支出] | 状态:交易成功
餐饮,,CNY,4,平安银行信用卡(4976),AlexLeon,2026-05-02,12:45,上海市宝山区芳武餐饮店 | [支出] | 状态:交易成功
居家,,CNY,20,平安银行信用卡(4976),AlexLeon,2026-05-02,11:10,中国移动 | 为188****2773话费充值 | [支出] | 状态:交易成功
餐饮,,CNY,245,平安银行信用卡(4976),AlexLeon,2026-05-01,00:38,老地方烧烤 | 经营码交易 | [支出] | 状态:交易成功
购物,日用百货,CNY,23,平安银行信用卡(4976),AlexLeon,2026-04-30,23:07,金成超市 | E昆山市花桥镇好又多超市兆丰路加盟店 | [支出] | 状态:交易成功
人情,,CNY,21.8,平安银行信用卡(4976),AlexLeon,2026-04-30,12:55,郑位方-仙女 | 亲情卡 | [支出] | 状态:交易成功
人情,,CNY,9.9,平安银行信用卡(4976),AlexLeon,2026-04-30,12:54,郑位方-仙女 | 亲情卡 | [支出] | 状态:交易成功
购物,日用百货,CNY,15,平安银行信用卡(4976),AlexLeon,2026-04-30,10:12,统一超商（上海）便利有限公司 | 7-ELEVEn上海中宝盛达REDEMPTION | [支出] | 状态:交易成功
购物,日用百货,CNY,30,平安银行信用卡(4976),AlexLeon,2026-04-29,18:46,祥辉超市桂桥路店 | 上海市浦东新区金桥镇祥辉便利店-支付宝 | [支出] | 状态:交易成功
购物,日用百货,CNY,6.5,平安银行信用卡(4976),AlexLeon,2026-04-29,14:11,统一超商（上海）便利有限公司 | 7-ELEVEn上海中宝盛达REDEMPTION | [支出] | 状态:交易成功
人情,,CNY,44,平安银行信用卡(4976),AlexLeon,2026-04-28,17:41,郑位方-仙女 | 亲情卡 | [支出] | 状态:交易成功
人情,,CNY,39,平安银行信用卡(4976),AlexLeon,2026-04-28,17:39,郑位方-仙女 | 亲情卡 | [支出] | 状态:交易成功
人情,,CNY,0.1,平安银行信用卡(4976),AlexLeon,2026-04-28,17:38,郑位方-仙女 | 亲情卡 | [支出] | 状态:交易成功
人情,,CNY,38,平安银行信用卡(4976),AlexLeon,2026-04-28,17:38,郑位方-仙女 | 亲情卡 | [支出] | 状态:交易成功
购物,日用百货,CNY,6.5,平安银行信用卡(4976),AlexLeon,2026-04-28,11:07,统一超商（上海）便利有限公司 | 7-ELEVEn上海中宝盛达REDEMPTION | [支出] | 状态:交易成功
娱乐,,CNY,8,平安银行信用卡(4976),AlexLeon,2026-04-28,02:25,App Store & Apple Music | App Store & Apple Music；04.27至04.28期间购买 | [支出] | 状态:交易成功
退款,,CNY,69.5,平安银行信用卡(4976),AlexLeon,2026-04-28,00:54,郑位方-仙女 | 退款-亲情卡 | [不计收支] | 状态:退款成功
人情,,CNY,69.5,平安银行信用卡(4976),AlexLeon,2026-04-28,00:53,郑位方-仙女 | 亲情卡 | [支出] | 状态:交易成功
购物,日用百货,CNY,5,平安银行信用卡(4976),AlexLeon,2026-04-27,14:08,统一超商（上海）便利有限公司 | 7-ELEVEn上海中宝盛达REDEMPTION | [支出] | 状态:交易成功
餐饮,,CNY,7,平安银行信用卡(4976),AlexLeon,2026-04-27,09:03,满座儿中宝盛达餐厅 | 档口1 | [支出] | 状态:交易成功
购物,日用百货,CNY,11,平安银行信用卡(4976),AlexLeon,2026-04-26,23:06,上海市联华 | 418250000199404227 | [支出] | 状态:交易成功
购物,日用百货,CNY,6,平安银行信用卡(4976),AlexLeon,2026-04-26,17:07,上海市松江区新桥镇尚陶百货经营部 | 6.0元 | [支出] | 状态:交易成功
购物,日用百货,CNY,8.47,平安银行信用卡(4976),AlexLeon,2026-04-26,16:42,上海市松江区新桥镇尚陶百货经营部 | 8.5元 | [支出] | 状态:交易成功
人情,,CNY,0.8,中国银行(5095),AlexLeon,2026-04-26,10:08,郑位方-仙女 | 亲情卡 | [支出] | 状态:交易成功
购物,日用百货,CNY,5.5,平安银行信用卡(4976),AlexLeon,2026-04-25,19:44,祥辉便利店 | 4726祥辉超市桂桥路店 | [支出] | 状态:交易成功
购物,日用百货,CNY,20,平安银行信用卡(4976),AlexLeon,2026-04-25,19:39,祥辉便利店 | 2526祥辉超市桂桥路店 | [支出] | 状态:交易成功
餐饮,,CNY,5.5,平安银行信用卡(4976),AlexLeon,2026-04-25,09:25,满座儿中宝盛达餐厅 | 档口1 | [支出] | 状态:交易成功
购物,日用百货,CNY,7,平安银行信用卡(4976),AlexLeon,2026-04-24,18:48,统一超商（上海）便利有限公司 | 7-ELEVEn上海中宝盛达REDEMPTION | [支出] | 状态:交易成功
人情,,CNY,19.28,平安银行信用卡(4976),AlexLeon,2026-04-24,17:41,郑位方-仙女 | 亲情卡 | [支出] | 状态:交易成功
人情,,CNY,8.9,平安银行信用卡(4976),AlexLeon,2026-04-24,17:38,郑位方-仙女 | 亲情卡 | [支出] | 状态:交易成功
人情,,CNY,10,中国银行(5095),AlexLeon,2026-04-24,11:48,郑位方-仙女 | 亲情卡 | [支出] | 状态:交易成功
退款,,CNY,75.24,平安银行信用卡(4976),AlexLeon,2026-04-23,16:04,郑位方-仙女 | 退款-亲情卡 | [不计收支] | 状态:退款成功
退款,,CNY,87.85,平安银行信用卡(4976),AlexLeon,2026-04-23,16:03,郑位方-仙女 | 退款-亲情卡 | [不计收支] | 状态:退款成功
退款,,CNY,87.85,平安银行信用卡(4976),AlexLeon,2026-04-23,16:03,郑位方-仙女 | 退款-亲情卡 | [不计收支] | 状态:退款成功
退款,,CNY,89.8,平安银行信用卡(4976),AlexLeon,2026-04-23,16:01,郑位方-仙女 | 退款-亲情卡 | [不计收支] | 状态:退款成功
购物,日用百货,CNY,7,平安银行信用卡(4976),AlexLeon,2026-04-23,10:36,统一超商（上海）便利有限公司 | 7-ELEVEn上海中宝盛达REDEMPTION | [支出] | 状态:交易成功
购物,日用百货,CNY,7,平安银行信用卡(4976),AlexLeon,2026-04-22,10:45,统一超商（上海）便利有限公司 | 7-ELEVEn上海中宝盛达REDEMPTION | [支出] | 状态:交易成功
购物,日用百货,CNY,8.5,平安银行信用卡(4976),AlexLeon,2026-04-21,21:34,联合一百超市明中路 | 联合一百超市明中路_10021002604212134290506222817414_73185837720085001 | [支出] | 状态:交易成功
退款,,CNY,78.3,平安银行信用卡(4976),AlexLeon,2026-04-21,16:32,郑位方-仙女 | 退款-亲情卡 | [不计收支] | 状态:退款成功
退款,,CNY,88.2,平安银行信用卡(4976),AlexLeon,2026-04-21,15:37,郑位方-仙女 | 退款-亲情卡 | [不计收支] | 状态:退款成功
购物,日用百货,CNY,7,平安银行信用卡(4976),AlexLeon,2026-04-21,14:07,统一超商（上海）便利有限公司 | 7-ELEVEn上海中宝盛达REDEMPTION | [支出] | 状态:交易成功
退款,,CNY,78.3,平安银行信用卡(4976),AlexLeon,2026-04-21,09:59,郑位方-仙女 | 退款-亲情卡 | [不计收支] | 状态:退款成功
人情,,CNY,3,平安银行信用卡(4976),AlexLeon,2026-04-20,17:39,郑位方-仙女 | 亲情卡 | [支出] | 状态:交易成功
人情,,CNY,3,平安银行信用卡(4976),AlexLeon,2026-04-20,16:43,郑位方-仙女 | 亲情卡 | [支出] | 状态:交易成功
医疗,,CNY,9.38,平安银行信用卡(4976),AlexLeon,2026-04-20,10:58,闵行区中心医院 | 医疗费 | [支出] | 状态:交易成功
医疗,,CNY,3,平安银行信用卡(4976),AlexLeon,2026-04-20,09:59,闵行区中心医院 | 挂号费 | [支出] | 状态:交易成功
人情,,CNY,175.7,平安银行信用卡(4976),AlexLeon,2026-04-19,09:30,郑位方-仙女 | 亲情卡 | [支出] | 状态:交易成功
人情,,CNY,179.6,平安银行信用卡(4976),AlexLeon,2026-04-18,23:21,郑位方-仙女 | 亲情卡 | [支出] | 状态:交易成功
人情,,CNY,160,平安银行信用卡(4976),AlexLeon,2026-04-18,22:41,郑位方-仙女 | 亲情卡 | [支出] | 状态:交易成功
退款,,CNY,49.17,中国银行(5095),AlexLeon,2026-04-18,14:34,郑位方-仙女 | 退款-亲情卡 | [不计收支] | 状态:退款成功
人情,,CNY,11.45,中国银行(5095),AlexLeon,2026-04-18,14:31,郑位方-仙女 | 亲情卡 | [支出] | 状态:交易成功
人情,,CNY,34.72,中国银行(5095),AlexLeon,2026-04-18,14:31,郑位方-仙女 | 亲情卡 | [支出] | 状态:交易成功
人情,,CNY,14.85,中国银行(5095),AlexLeon,2026-04-18,14:31,郑位方-仙女 | 亲情卡 | [支出] | 状态:交易成功
人情,,CNY,16.76,中国银行(5095),AlexLeon,2026-04-18,14:31,郑位方-仙女 | 亲情卡 | [支出] | 状态:交易成功
人情,,CNY,38.56,中国银行(5095),AlexLeon,2026-04-18,14:31,郑位方-仙女 | 亲情卡 | [支出] | 状态:交易成功
人情,,CNY,20.84,中国银行(5095),AlexLeon,2026-04-18,14:31,郑位方-仙女 | 亲情卡 | [支出] | 状态:交易成功
人情,,CNY,49.17,中国银行(5095),AlexLeon,2026-04-18,14:31,郑位方-仙女 | 亲情卡 | [支出] | 状态:交易成功
餐饮,,CNY,25,平安银行信用卡(4976),AlexLeon,2026-04-18,13:33,上海市杨浦区福多福食品商店 | 经营码交易 | [支出] | 状态:交易成功
餐饮,,CNY,27.87,平安银行信用卡(4976),AlexLeon,2026-04-18,13:02,黄金麦兰州牛肉面（临青路店） | 纯汤兰州牛肉面(临青路) | [支出] | 状态:交易成功
购物,日用百货,CNY,7,平安银行信用卡(4976),AlexLeon,2026-04-17,22:41,联合一百超市明中路 | 联合一百超市明中路_10021002604172241360676222818614_72947837722085001 | [支出] | 状态:交易成功
购物,日用百货,CNY,7,平安银行信用卡(4976),AlexLeon,2026-04-17,15:29,统一超商（上海）便利有限公司 | 7-ELEVEn上海中宝盛达REDEMPTION | [支出] | 状态:交易成功
退款,,CNY,50.06,平安银行信用卡(4976),AlexLeon,2026-04-17,04:47,郑位方-仙女 | 退款-亲情卡 | [不计收支] | 状态:退款成功
娱乐,,CNY,30,平安银行信用卡(4976),AlexLeon,2026-04-17,03:50,App Store & Apple Music | App Store & Apple Music；04.16至04.17期间购买 | [支出] | 状态:交易成功
购物,日用百货,CNY,26,平安银行信用卡(4976),AlexLeon,2026-04-16,21:29,祥辉便利店 | 0634祥辉超市桂桥路店 | [支出] | 状态:交易成功
购物,日用百货,CNY,8,平安银行信用卡(4976),AlexLeon,2026-04-16,10:59,统一超商（上海）便利有限公司 | 7-ELEVEn上海中宝盛达REDEMPTION | [支出] | 状态:交易成功
购物,,CNY,137.1,平安银行信用卡(4976),AlexLeon,2026-04-15,22:35,Stripe Inc | STRIPE | [支出] | 状态:交易成功
购物,日用百货,CNY,2.5,平安银行信用卡(4976),AlexLeon,2026-04-15,21:40,达喜超市 | 达喜超市【买单】消费2.50元 | [支出] | 状态:交易成功
娱乐,,CNY,80,平安银行信用卡(4976),AlexLeon,2026-04-15,20:35,郑远元修脚房（上海市新南街店） | 上海市新南街滨河新天地店-1781491785153380352 | [支出] | 状态:交易成功
购物,日用百货,CNY,5,平安银行信用卡(4976),AlexLeon,2026-04-15,15:21,统一超商（上海）便利有限公司 | 7-ELEVEn上海中宝盛达REDEMPTION | [支出] | 状态:交易成功
餐饮,,CNY,5.96,平安银行信用卡(4976),AlexLeon,2026-04-15,09:14,满座儿中宝盛达餐厅 | 档口4 | [支出] | 状态:交易成功
购物,日用百货,CNY,18.93,平安银行信用卡(4976),AlexLeon,2026-04-14,23:03,祥辉便利店 | 6331祥辉超市桂桥路店 | [支出] | 状态:交易成功
医疗,保险,CNY,28.9,平安银行信用卡(4976),AlexLeon,2026-04-14,12:48,中国人民健康保险股份有限公司 | 2026.4月保费缴清-好医保·长期医疗-**瑞 | [支出] | 状态:交易成功
购物,日用百货,CNY,8,平安银行信用卡(4976),AlexLeon,2026-04-14,09:08,统一超商（上海）便利有限公司 | 7-ELEVEn上海中宝盛达REDEMPTION | [支出] | 状态:交易成功
餐饮,,CNY,26.56,平安银行信用卡(4976),AlexLeon,2026-04-13,12:24,大米先生（大米先生中宝盛达店） | 【称重】_大米先生中宝盛达店_173103_01140240 | [支出] | 状态:交易成功
购物,日用百货,CNY,8,平安银行信用卡(4976),AlexLeon,2026-04-13,11:00,统一超商（上海）便利有限公司 | 7-ELEVEn上海中宝盛达REDEMPTION | [支出] | 状态:交易成功
购物,日用百货,CNY,23,平安银行信用卡(4976),AlexLeon,2026-04-11,22:40,喜得果生活超市 | [支出] | 状态:交易成功
购物,日用百货,CNY,6.42,平安银行信用卡(4976),AlexLeon,2026-04-11,20:56,金港路二店 | 上海全家便利店 | [支出] | 状态:交易成功
购物,日用百货,CNY,81.8,平安银行信用卡(4976),AlexLeon,2026-04-11,19:33,金港路二店 | 上海全家便利店 | [支出] | 状态:交易成功
购物,日用百货,CNY,8,平安银行信用卡(4976),AlexLeon,2026-04-10,16:56,统一超商（上海）便利有限公司 | 7-ELEVEn上海中宝盛达REDEMPTION | [支出] | 状态:交易成功
人情,,CNY,18.9,平安银行信用卡(4976),AlexLeon,2026-04-10,15:39,郑位方-仙女 | 亲情卡 | [支出] | 状态:交易成功
购物,日用百货,CNY,18.87,平安银行信用卡(4976),AlexLeon,2026-04-10,12:22,祥辉便利店 | 3035祥辉超市桂桥路店 | [支出] | 状态:交易成功
购物,日用百货,CNY,5,平安银行信用卡(4976),AlexLeon,2026-04-10,09:12,统一超商（上海）便利有限公司 | 7-ELEVEn上海中宝盛达REDEMPTION | [支出] | 状态:交易成功
退款,,CNY,192,平安银行信用卡(4976),AlexLeon,2026-04-09,13:21,郑位方-仙女 | 退款-亲情卡 | [不计收支] | 状态:退款成功
退款,,CNY,196,平安银行信用卡(4976),AlexLeon,2026-04-09,13:21,郑位方-仙女 | 退款-亲情卡 | [不计收支] | 状态:退款成功
退款,,CNY,268.88,平安银行信用卡(4976),AlexLeon,2026-04-09,13:21,郑位方-仙女 | 退款-亲情卡 | [不计收支] | 状态:退款成功
购物,日用百货,CNY,23,平安银行信用卡(4976),AlexLeon,2026-04-09,12:43,祥辉便利店 | 7419祥辉超市桂桥路店 | [支出] | 状态:交易成功
购物,日用百货,CNY,8,平安银行信用卡(4976),AlexLeon,2026-04-09,11:09,统一超商（上海）便利有限公司 | 7-ELEVEn上海中宝盛达REDEMPTION | [支出] | 状态:交易成功
退款,,CNY,14.9,平安银行信用卡(4976),AlexLeon,2026-04-08,23:39,郑位方-仙女 | 退款-亲情卡 | [不计收支] | 状态:退款成功
人情,,CNY,14.9,平安银行信用卡(4976),AlexLeon,2026-04-08,23:34,郑位方-仙女 | 亲情卡 | [支出] | 状态:交易成功
娱乐,,CNY,328,平安银行信用卡(4976),AlexLeon,2026-04-08,18:13,广东利为网络科技有限公司 | 刷单和代充均为诈骗。充值游戏：王于兴师。物品：328CNY金币。 | [支出] | 状态:交易成功
居家,,CNY,132.3,平安银行信用卡(4976),AlexLeon,2026-04-08,10:03,国网上海市电力公司(缴费) | 3月电费自动缴费-*南一-充电桩-根据每期出账后自动缴费 | [支出] | 状态:交易成功
人情,,CNY,2.6,平安银行信用卡(4976),AlexLeon,2026-04-07,17:50,郑位方-仙女 | 亲情卡 | [支出] | 状态:交易成功
人情,,CNY,10,中国银行(5095),AlexLeon,2026-04-07,17:49,郑位方-仙女 | 亲情卡 | [支出] | 状态:交易成功
购物,日用百货,CNY,3.5,平安银行信用卡(4976),AlexLeon,2026-04-07,12:20,祥辉便利店 | 7522祥辉超市桂桥路店 | [支出] | 状态:交易成功
餐饮,,CNY,21.38,平安银行信用卡(4976),AlexLeon,2026-04-07,12:19,上海市浦东新区金桥镇毕原餐饮店 | [支出] | 状态:交易成功
购物,日用百货,CNY,19,平安银行信用卡(4976),AlexLeon,2026-04-07,12:12,祥辉便利店 | 9857祥辉超市桂桥路店 | [支出] | 状态:交易成功
购物,,CNY,219,平安银行信用卡(4976),AlexLeon,2026-04-06,21:45,大疆无人机 | DJI Care 随心换 1 年版（Osmo Po... | [支出] | 状态:交易成功
购物,日用百货,CNY,10.3,平安银行信用卡(4976),AlexLeon,2026-04-06,21:21,好特卖 | 上海杨浦滨江百联-条码支付 | [支出] | 状态:交易成功
购物,日用百货,CNY,15,平安银行信用卡(4976),AlexLeon,2026-04-06,16:29,联合一百超市明中路 | 联合一百超市明中路_10021002604061629100516222818248_72261233804085001 | [支出] | 状态:交易成功
人情,,CNY,65.29,中国银行(5095),AlexLeon,2026-04-06,16:27,郑位方-仙女 | 亲情卡 | [支出] | 状态:交易成功
人情,,CNY,67.41,中国银行(5095),AlexLeon,2026-04-06,16:27,郑位方-仙女 | 亲情卡 | [支出] | 状态:交易成功
人情,,CNY,39.9,中国银行(5095),AlexLeon,2026-04-06,16:27,郑位方-仙女 | 亲情卡 | [支出] | 状态:交易成功
娱乐,,CNY,30,平安银行信用卡(4976),AlexLeon,2026-04-06,13:53,App Store & Apple Music | App Store & Apple Music；04.06购买 | [支出] | 状态:交易成功
餐饮,,CNY,96,平安银行信用卡(4976),AlexLeon,2026-04-04,23:31,火山东北烧烤花桥店 | [支出] | 状态:交易成功
居家,,CNY,273.4,平安银行信用卡(4976),AlexLeon,2026-04-04,13:39,国网上海市电力公司(缴费) | 3月-电费-************* | [支出] | 状态:交易成功
居家,,CNY,36.4,平安银行信用卡(4976),AlexLeon,2026-04-04,13:38,上海城投水务(集团)有限公司 | 水费-**实名 | [支出] | 状态:交易成功
餐饮,,CNY,54.75,平安银行信用卡(4976),AlexLeon,2026-04-04,13:03,黄金麦兰州牛肉面（临青路店） | 纯汤兰州牛肉面(临青路) | [支出] | 状态:交易成功
居家,,CNY,20,平安银行信用卡(4976),AlexLeon,2026-04-04,11:41,中国移动 | 为188****2773话费充值 | [支出] | 状态:交易成功
餐饮,,CNY,5,中国银行(5095),AlexLeon,2026-04-04,08:58,德比馒头 | 收钱码收款 | [支出] | 状态:交易成功
购物,日用百货,CNY,22.42,平安银行信用卡(4976),AlexLeon,2026-04-04,08:53,祥辉便利店 | 4932祥辉超市桂桥路店 | [支出] | 状态:交易成功
退款,,CNY,117.89,平安银行信用卡(4976),AlexLeon,2026-04-03,14:18,郑位方-仙女 | 退款-亲情卡 | [不计收支] | 状态:退款成功
购物,日用百货,CNY,5,平安银行信用卡(4976),AlexLeon,2026-04-02,11:01,统一超商（上海）便利有限公司 | 7-ELEVEn上海中宝盛达消费 | [支出] | 状态:交易成功
购物,日用百货,CNY,4.3,平安银行信用卡(4976),AlexLeon,2026-04-01,18:17,统一超商（上海）便利有限公司 | 7-ELEVEn上海中宝盛达消费 | [支出] | 状态:交易成功
购物,日用百货,CNY,12,平安银行信用卡(4976),AlexLeon,2026-04-01,09:06,统一超商（上海）便利有限公司 | 7-ELEVEn上海中宝盛达消费 | [支出] | 状态:交易成功
餐饮,,CNY,8.5,平安银行信用卡(4976),AlexLeon,2026-04-01,09:04,满座儿中宝盛达餐厅 | 档口4 | [支出] | 状态:交易成功
购物,日用百货,CNY,19,平安银行信用卡(4976),AlexLeon,2026-03-31,22:11,祥辉便利店 | 0760祥辉超市桂桥路店 | [支出] | 状态:交易成功
购物,日用百货,CNY,5,平安银行信用卡(4976),AlexLeon,2026-03-31,11:05,统一超商（上海）便利有限公司 | 7-ELEVEn上海中宝盛达消费 | [支出] | 状态:交易成功
购物,日用百货,CNY,8,平安银行信用卡(4976),AlexLeon,2026-03-30,15:52,统一超商（上海）便利有限公司 | 7-ELEVEn上海中宝盛达消费 | [支出] | 状态:交易成功
餐饮,,CNY,20,平安银行信用卡(4976),AlexLeon,2026-03-30,12:19,满座儿中宝盛达餐厅 | 档口4 | [支出] | 状态:交易成功
人情,,CNY,22,平安银行信用卡(4976),AlexLeon,2026-03-30,12:00,郑位方-仙女 | 亲情卡 | [支出] | 状态:交易成功
人情,,CNY,10,平安银行信用卡(4976),AlexLeon,2026-03-30,11:58,郑位方-仙女 | 亲情卡 | [支出] | 状态:交易成功
餐饮,,CNY,6,平安银行信用卡(4976),AlexLeon,2026-03-30,09:05,满座儿中宝盛达餐厅 | 档口1 | [支出] | 状态:交易成功
购物,日用百货,CNY,14.5,平安银行信用卡(4976),AlexLeon,2026-03-29,22:12,刻站便利店临青路店 | 刻站便利店临青路店_10021002603292212490672024681596_71837952213601001 | [支出] | 状态:交易成功
退款,,CNY,571,平安银行信用卡(4976),AlexLeon,2026-03-29,18:51,郑位方-仙女 | 退款-亲情卡 | [不计收支] | 状态:退款成功
人情,,CNY,571.3,平安银行信用卡(4976),AlexLeon,2026-03-29,18:50,郑位方-仙女 | 亲情卡 | [支出] | 状态:交易成功
退款,,CNY,1360.54,平安银行信用卡(4976),AlexLeon,2026-03-29,16:11,郑位方-仙女 | 退款-亲情卡 | [不计收支] | 状态:退款成功
人情,,CNY,1360.54,平安银行信用卡(4976),AlexLeon,2026-03-29,16:11,郑位方-仙女 | 亲情卡 | [支出] | 状态:交易成功
人情,,CNY,150.74,平安银行信用卡(4976),AlexLeon,2026-03-29,16:08,郑位方-仙女 | 亲情卡 | [支出] | 状态:交易成功
购物,日用百货,CNY,8,平安银行信用卡(4976),AlexLeon,2026-03-27,19:25,统一超商（上海）便利有限公司 | 7-ELEVEn上海中宝盛达消费 | [支出] | 状态:交易成功
餐饮,,CNY,21,平安银行信用卡(4976),AlexLeon,2026-03-27,12:40,面舞丝路牛肉面上海桂桥路店 | 面舞丝路牛肉面(桂桥路店) | [支出] | 状态:交易成功
购物,日用百货,CNY,19,平安银行信用卡(4976),AlexLeon,2026-03-27,12:38,祥辉便利店 | 1876祥辉超市桂桥路店 | [支出] | 状态:交易成功
餐饮,,CNY,3,平安银行信用卡(4976),AlexLeon,2026-03-27,09:17,满座儿中宝盛达餐厅 | 档口4 | [支出] | 状态:交易成功
餐饮,,CNY,20.5,平安银行信用卡(4976),AlexLeon,2026-03-26,12:26,伍谷鱼粉 | 重庆小面-消费付款 | [支出] | 状态:交易成功
退款,,CNY,101.2,平安银行信用卡(4976),AlexLeon,2026-03-26,09:17,郑位方-仙女 | 退款-亲情卡 | [不计收支] | 状态:退款成功
退款,,CNY,25.02,平安银行信用卡(4976),AlexLeon,2026-03-26,09:17,郑位方-仙女 | 退款-亲情卡 | [不计收支] | 状态:退款成功
人情,,CNY,25.02,平安银行信用卡(4976),AlexLeon,2026-03-26,09:16,郑位方-仙女 | 亲情卡 | [支出] | 状态:交易成功
人情,,CNY,101.2,平安银行信用卡(4976),AlexLeon,2026-03-26,09:16,郑位方-仙女 | 亲情卡 | [支出] | 状态:交易成功
购物,日用百货,CNY,8,平安银行信用卡(4976),AlexLeon,2026-03-25,18:30,统一超商（上海）便利有限公司 | 7-ELEVEn上海中宝盛达消费 | [支出] | 状态:交易成功
购物,日用百货,CNY,22.5,平安银行信用卡(4976),AlexLeon,2026-03-25,12:40,祥辉便利店 | 6783祥辉超市桂桥路店 | [支出] | 状态:交易成功
人情,,CNY,3.91,平安银行信用卡(4976),AlexLeon,2026-03-25,12:12,郑位方-仙女 | 亲情卡 | [支出] | 状态:交易成功
餐饮,,CNY,31,平安银行信用卡(4976),AlexLeon,2026-03-25,09:45,馄饨铺上海沈阳路店 | 生烫牛肉米线 | [支出] | 状态:交易成功
人情,,CNY,2,平安银行信用卡(4976),AlexLeon,2026-03-25,09:43,郑位方-仙女 | 亲情卡 | [支出] | 状态:交易成功
人情,,CNY,2,平安银行信用卡(4976),AlexLeon,2026-03-25,09:42,郑位方-仙女 | 亲情卡 | [支出] | 状态:交易成功
购物,日用百货,CNY,4.3,平安银行信用卡(4976),AlexLeon,2026-03-24,12:22,统一超商（上海）便利有限公司 | 7-ELEVEn上海中宝盛达消费 | [支出] | 状态:交易成功
退款,,CNY,196,平安银行信用卡(4976),AlexLeon,2026-03-23,14:30,郑位方-仙女 | 退款-亲情卡 | [不计收支] | 状态:退款成功
购物,日用百货,CNY,8,平安银行信用卡(4976),AlexLeon,2026-03-23,12:53,统一超商（上海）便利有限公司 | 7-ELEVEn上海中宝盛达消费 | [支出] | 状态:交易成功
餐饮,,CNY,20,平安银行信用卡(4976),AlexLeon,2026-03-23,12:23,伍谷鱼粉 | 重庆小面-消费付款 | [支出] | 状态:交易成功
退款,,CNY,72,平安银行信用卡(4976),AlexLeon,2026-03-23,12:15,郑位方-仙女 | 退款-亲情卡 | [不计收支] | 状态:退款成功
餐饮,,CNY,3,平安银行信用卡(4976),AlexLeon,2026-03-23,09:05,满座儿中宝盛达餐厅 | 档口4 | [支出] | 状态:交易成功
人情,,CNY,3,平安银行信用卡(4976),AlexLeon,2026-03-22,14:43,郑位方-仙女 | 亲情卡 | [支出] | 状态:交易成功
交通,,CNY,3,平安银行信用卡(4976),AlexLeon,2026-03-22,14:42,上海公共交通卡股份有限公司 | 上海地铁-安亭-2026-03-22 12:28:29-花桥-2026-03-22 12:42:56 | [支出] | 状态:交易成功
购物,日用百货,CNY,6,平安银行信用卡(4976),AlexLeon,2026-03-21,22:36,亚太广场店 | 苏州全家便利店 | [支出] | 状态:交易成功
购物,日用百货,CNY,4.3,平安银行信用卡(4976),AlexLeon,2026-03-21,20:28,漕宝2门市 | 漕宝2门市-pos1 | [支出] | 状态:交易成功
购物,日用百货,CNY,22.29,平安银行信用卡(4976),AlexLeon,2026-03-21,13:00,祥辉便利店 | 4677祥辉超市桂桥路店 | [支出] | 状态:交易成功
餐饮,,CNY,28,平安银行信用卡(4976),AlexLeon,2026-03-21,12:16,味霸面馆（金桥店） | 美团收银909700210614157564 | [支出] | 状态:交易成功
购物,日用百货,CNY,5,平安银行信用卡(4976),AlexLeon,2026-03-20,19:28,统一超商（上海）便利有限公司 | 7-ELEVEn上海中宝盛达消费 | [支出] | 状态:交易成功
购物,日用百货,CNY,38,平安银行信用卡(4976),AlexLeon,2026-03-20,13:54,祥辉超市桂桥路店 | 上海市浦东新区金桥镇祥辉便利店-支付宝 | [支出] | 状态:交易成功
购物,日用百货,CNY,9.7,平安银行信用卡(4976),AlexLeon,2026-03-19,18:23,统一超商（上海）便利有限公司 | 7-ELEVEn上海中宝盛达消费 | [支出] | 状态:交易成功
人情,,CNY,0.9,平安银行信用卡(4976),AlexLeon,2026-03-19,11:21,郑位方-仙女 | 亲情卡 | [支出] | 状态:交易成功
人情,,CNY,28,平安银行信用卡(4976),AlexLeon,2026-03-19,11:21,郑位方-仙女 | 亲情卡 | [支出] | 状态:交易成功
人情,,CNY,133.72,平安银行信用卡(4976),AlexLeon,2026-03-18,18:47,郑位方-仙女 | 亲情卡 | [支出] | 状态:交易成功
人情,,CNY,35.06,平安银行信用卡(4976),AlexLeon,2026-03-18,18:47,郑位方-仙女 | 亲情卡 | [支出] | 状态:交易成功
人情,,CNY,8.68,平安银行信用卡(4976),AlexLeon,2026-03-18,18:47,郑位方-仙女 | 亲情卡 | [支出] | 状态:交易成功
购物,日用百货,CNY,4.3,平安银行信用卡(4976),AlexLeon,2026-03-17,18:25,统一超商（上海）便利有限公司 | 7-ELEVEn上海中宝盛达消费 | [支出] | 状态:交易成功
人情,,CNY,19.9,平安银行信用卡(4976),AlexLeon,2026-03-16,22:37,郑位方-仙女 | 亲情卡 | [支出] | 状态:交易成功
购物,日用百货,CNY,3.5,平安银行信用卡(4976),AlexLeon,2026-03-16,21:24,祥辉便利店 | 4144祥辉超市桂桥路店 | [支出] | 状态:交易成功
购物,日用百货,CNY,19,平安银行信用卡(4976),AlexLeon,2026-03-16,21:19,祥辉便利店 | 4455祥辉超市桂桥路店 | [支出] | 状态:交易成功
购物,,CNY,138.92,平安银行信用卡(4976),AlexLeon,2026-03-15,22:36,Stripe Inc | STRIPE | [支出] | 状态:交易成功
购物,,CNY,219,平安银行信用卡(4976),AlexLeon,2026-03-15,18:31,深圳市大疆百旺科技有限公司 | CAS-30902280-Y9R8Y6 | [支出] | 状态:交易成功
购物,日用百货,CNY,16.6,平安银行信用卡(4976),AlexLeon,2026-03-15,18:05,好特卖 | 上海杨浦滨江百联-条码支付 | [支出] | 状态:交易成功
购物,日用百货,CNY,6.5,平安银行信用卡(4976),AlexLeon,2026-03-14,23:33,联合一百超市明中路 | 联合一百超市明中路_10021002603142333020736222815177_71005015080085001 | [支出] | 状态:交易成功
购物,日用百货,CNY,5,平安银行信用卡(4976),AlexLeon,2026-03-14,23:19,联合一百超市明中路 | 联合一百超市明中路_10021002603142319340746222810143_70992372982085001 | [支出] | 状态:交易成功
购物,,CNY,269,平安银行信用卡(4976),AlexLeon,2026-03-14,21:04,荟众科技 | [支出] | 状态:交易成功
购物,日用百货,CNY,29.5,平安银行信用卡(4976),AlexLeon,2026-03-14,15:05,祥辉便利店 | 8836祥辉超市桂桥路店 | [支出] | 状态:交易成功
医疗,保险,CNY,28.9,平安银行信用卡(4976),AlexLeon,2026-03-14,12:02,中国人民健康保险股份有限公司 | 2026.3月保费缴清-好医保·长期医疗-**瑞 | [支出] | 状态:交易成功
人情,,CNY,62.72,平安银行信用卡(4976),AlexLeon,2026-03-14,11:08,郑位方-仙女 | 亲情卡 | [支出] | 状态:交易成功
人情,,CNY,26.23,平安银行信用卡(4976),AlexLeon,2026-03-14,11:08,郑位方-仙女 | 亲情卡 | [支出] | 状态:交易成功
人情,,CNY,30,平安银行信用卡(4976),AlexLeon,2026-03-14,11:08,郑位方-仙女 | 亲情卡 | [支出] | 状态:交易成功
人情,,CNY,27.9,平安银行信用卡(4976),AlexLeon,2026-03-14,11:08,郑位方-仙女 | 亲情卡 | [支出] | 状态:交易成功
娱乐,,CNY,30,平安银行信用卡(4976),AlexLeon,2026-03-14,01:45,App Store & Apple Music | App Store & Apple Music；03.14购买 | [支出] | 状态:交易成功
购物,日用百货,CNY,5,平安银行信用卡(4976),AlexLeon,2026-03-13,12:42,统一超商（上海）便利有限公司 | 7-ELEVEn上海中宝盛达消费 | [支出] | 状态:交易成功
餐饮,,CNY,2.9,平安银行信用卡(4976),AlexLeon,2026-03-13,09:02,满座儿中宝盛达餐厅 | 档口1 | [支出] | 状态:交易成功
购物,日用百货,CNY,6,平安银行信用卡(4976),AlexLeon,2026-03-12,18:11,好宜家超市 | 上海市浦东新区金桥镇许桥超市 | [支出] | 状态:交易成功
购物,日用百货,CNY,30,平安银行信用卡(4976),AlexLeon,2026-03-12,18:09,好宜家超市 | 上海市浦东新区金桥镇许桥超市 | [支出] | 状态:交易成功
餐饮,,CNY,6.5,平安银行信用卡(4976),AlexLeon,2026-03-12,09:03,满座儿中宝盛达餐厅 | 档口1 | [支出] | 状态:交易成功
餐饮,,CNY,3,平安银行信用卡(4976),AlexLeon,2026-03-11,09:11,满座儿中宝盛达餐厅 | 档口1 | [支出] | 状态:交易成功
人情,,CNY,2,中国银行(5095),AlexLeon,2026-03-11,08:39,郑位方-仙女 | 亲情卡 | [支出] | 状态:交易成功
购物,日用百货,CNY,23,平安银行信用卡(4976),AlexLeon,2026-03-10,18:11,祥辉便利店 | 6728祥辉超市桂桥路店 | [支出] | 状态:交易成功
购物,日用百货,CNY,4.3,平安银行信用卡(4976),AlexLeon,2026-03-10,15:15,统一超商（上海）便利有限公司 | 7-ELEVEn上海中宝盛达消费 | [支出] | 状态:交易成功
退款,,CNY,8.9,平安银行信用卡(4976),AlexLeon,2026-03-10,00:27,郑位方-仙女 | 退款-亲情卡 | [不计收支] | 状态:退款成功
人情,,CNY,8.9,平安银行信用卡(4976),AlexLeon,2026-03-10,00:27,郑位方-仙女 | 亲情卡 | [支出] | 状态:交易成功
购物,日用百货,CNY,4.3,平安银行信用卡(4976),AlexLeon,2026-03-09,18:45,统一超商（上海）便利有限公司 | 7-ELEVEn上海中宝盛达消费 | [支出] | 状态:交易成功
人情,,CNY,2.5,中国银行(5095),AlexLeon,2026-03-09,12:51,郑位方-仙女 | 亲情卡 | [支出] | 状态:交易成功
购物,日用百货,CNY,25.5,平安银行信用卡(4976),AlexLeon,2026-03-08,19:56,好特卖 | 上海杨浦滨江百联-条码支付 | [支出] | 状态:交易成功
购物,日用百货,CNY,7,平安银行信用卡(4976),AlexLeon,2026-03-08,15:50,上海申美饮料食品有限公司 | 自助售卖机 | [支出] | 状态:交易成功
购物,日用百货,CNY,8,平安银行信用卡(4976),AlexLeon,2026-03-08,15:50,上海申美饮料食品有限公司 | 自助售卖机 | [支出] | 状态:交易成功
居家,,CNY,136.2,平安银行信用卡(4976),AlexLeon,2026-03-08,13:20,国网上海市电力公司(缴费) | 2月电费自动缴费-*南一-充电桩-根据每期出账后自动缴费 | [支出] | 状态:交易成功
购物,日用百货,CNY,128,中国银行(5095),AlexLeon,2026-03-08,13:00,薇漫花艺 | 收钱码收款 | [支出] | 状态:交易成功
购物,日用百货,CNY,28,平安银行信用卡(4976),AlexLeon,2026-03-06,19:43,时代华联上海双阳支路店 | 时代联华上海双阳支路店 | [支出] | 状态:交易成功
餐饮,,CNY,39.35,平安银行信用卡(4976),AlexLeon,2026-03-06,19:38,刘文祥麻辣烫（隆昌路店） | 美团收银909700210135072319 | [支出] | 状态:交易成功
交通,,CNY,1155,平安银行信用卡(4976),AlexLeon,2026-03-06,16:49,上海永达吉鹏汽车销售服务有限公司 | [支出] | 状态:交易成功
交通,,CNY,1.5,平安银行信用卡(4976),AlexLeon,2026-03-06,16:44,哈啰出行 | 哈啰单车骑行 | [支出] | 状态:交易成功
交通,,CNY,1.5,平安银行信用卡(4976),AlexLeon,2026-03-06,13:16,哈啰出行 | 哈啰单车骑行 | [支出] | 状态:交易成功
购物,日用百货,CNY,23,平安银行信用卡(4976),AlexLeon,2026-03-06,13:08,高科超市 | [支出] | 状态:交易成功
人情,,CNY,3.47,平安银行信用卡(4976),AlexLeon,2026-03-06,12:51,郑位方-仙女 | 亲情卡 | [支出] | 状态:交易成功
餐饮,,CNY,7.85,平安银行信用卡(4976),AlexLeon,2026-03-06,09:05,满座儿中宝盛达餐厅 | 档口1 | [支出] | 状态:交易成功
购物,日用百货,CNY,8.5,平安银行信用卡(4976),AlexLeon,2026-03-05,19:54,统一超商（上海）便利有限公司 | 支付订单 | [支出] | 状态:交易成功
购物,,CNY,12.1,平安银行信用卡(4976),AlexLeon,2026-03-05,18:13,车虫**店 | 【活动价】车虫官方磁吸]适用苹果17/16手机壳iphone15promax13保护套14pro12magsafe1 | [支出] | 状态:支付成功
餐饮,,CNY,7,平安银行信用卡(4976),AlexLeon,2026-03-05,09:10,满座儿中宝盛达餐厅 | 档口4 | [支出] | 状态:交易成功
购物,日用百货,CNY,3.5,平安银行信用卡(4976),AlexLeon,2026-03-03,18:28,祥辉便利店 | 0229祥辉超市桂桥路店 | [支出] | 状态:交易成功
购物,日用百货,CNY,30,平安银行信用卡(4976),AlexLeon,2026-03-03,18:13,祥辉便利店 | 1842祥辉超市桂桥路店 | [支出] | 状态:交易成功
餐饮,,CNY,7,平安银行信用卡(4976),AlexLeon,2026-03-03,09:07,满座儿中宝盛达餐厅 | 档口1 | [支出] | 状态:交易成功
购物,日用百货,CNY,11,平安银行信用卡(4976),AlexLeon,2026-03-02,19:14,统一超商（上海）便利有限公司 | 7-ELEVEn上海中宝盛达消费 | [支出] | 状态:交易成功
餐饮,,CNY,6,平安银行信用卡(4976),AlexLeon,2026-03-02,09:09,满座儿中宝盛达餐厅 | 档口1 | [支出] | 状态:交易成功
居家,,CNY,83.89,中国银行(5095),AlexLeon,2026-03-01,20:32,上海燃气有限公司 | 燃气费-上海****公共租赁住房运营有限公司 | [支出] | 状态:交易成功
居家,,CNY,201,中国银行(5095),AlexLeon,2026-03-01,20:32,国网上海市电力公司(缴费) | 1月-电费-************* | [支出] | 状态:交易成功
居家,,CNY,201.48,中国银行(5095),AlexLeon,2026-03-01,20:32,国网上海市电力公司(缴费) | 2月-电费-************* | [支出] | 状态:交易成功
退款,,CNY,32.9,平安银行信用卡(4976),AlexLeon,2026-03-01,00:28,郑位方-仙女 | 退款-亲情卡 | [不计收支] | 状态:退款成功
人情,,CNY,32.9,平安银行信用卡(4976),AlexLeon,2026-03-01,00:16,郑位方-仙女 | 亲情卡 | [支出] | 状态:交易成功
人情,,CNY,54.98,平安银行信用卡(4976),AlexLeon,2026-03-01,00:14,郑位方-仙女 | 亲情卡 | [支出] | 状态:交易成功
人情,,CNY,278.58,平安银行信用卡(4976),AlexLeon,2026-03-01,00:14,郑位方-仙女 | 亲情卡 | [支出] | 状态:交易成功
人情,,CNY,42.35,平安银行信用卡(4976),AlexLeon,2026-03-01,00:14,郑位方-仙女 | 亲情卡 | [支出] | 状态:交易成功
购物,日用百货,CNY,29,平安银行信用卡(4976),AlexLeon,2026-02-28,21:29,上海市松江区新桥镇尚陶百货经营部 | 29.0元 | [支出] | 状态:交易成功
购物,日用百货,CNY,3.6,平安银行信用卡(4976),AlexLeon,2026-02-28,21:28,上海市松江区新桥镇尚陶百货经营部 | 4.0元 | [支出] | 状态:交易成功
购物,日用百货,CNY,4.3,平安银行信用卡(4976),AlexLeon,2026-02-27,11:57,统一超商（上海）便利有限公司 | 7-ELEVEn上海中宝盛达消费 | [支出] | 状态:交易成功
购物,日用百货,CNY,26,平安银行信用卡(4976),AlexLeon,2026-02-26,13:19,祥辉便利店 | 3071祥辉超市桂桥路店 | [支出] | 状态:交易成功
购物,日用百货,CNY,22.2,平安银行信用卡(4976),AlexLeon,2026-02-26,12:11,统一超商（上海）便利有限公司 | 7-ELEVEn上海中宝盛达消费 | [支出] | 状态:交易成功
餐饮,,CNY,6,平安银行信用卡(4976),AlexLeon,2026-02-26,09:06,满座儿中宝盛达餐厅 | 档口1 | [支出] | 状态:交易成功
娱乐,,CNY,15,平安银行信用卡(4976),AlexLeon,2026-02-25,18:56,SFC 百联滨江店 | [支出] | 状态:交易成功
餐饮,,CNY,22.8,平安银行信用卡(4976),AlexLeon,2026-02-24,12:39,满座儿餐饮服务（北京）有限公司 | 中宝盛达1 | [支出] | 状态:交易成功
购物,日用百货,CNY,6,平安银行信用卡(4976),AlexLeon,2026-02-24,09:09,统一超商（上海）便利有限公司 | 7-ELEVEn上海中宝盛达消费 | [支出] | 状态:交易成功
购物,日用百货,CNY,30.15,平安银行信用卡(4976),AlexLeon,2026-02-23,15:14,好特卖HotMaxx | 海泰广场（沪）-条码支付 | [支出] | 状态:交易成功
医疗,,CNY,10.82,平安银行信用卡(4976),AlexLeon,2026-02-23,14:32,上海市第一人民医院 | NHIS收费 | [支出] | 状态:交易成功
购物,日用百货,CNY,12.8,平安银行信用卡(4976),AlexLeon,2026-02-23,10:15,全家FamilyMart | 上海全家便利店 | [支出] | 状态:交易成功
娱乐,,CNY,118.8,平安银行信用卡(4976),AlexLeon,2026-02-23,09:33,淘票**影 | 《镖人：风起大漠》上影国际影城（四川北路店）电影票 | [支出] | 状态:交易成功
购物,日用百货,CNY,46.84,平安银行信用卡(4976),AlexLeon,2026-02-22,21:48,好特卖 | 上海杨浦滨江百联-条码支付 | [支出] | 状态:交易成功
退款,,CNY,2.99,平安银行信用卡(4976),AlexLeon,2026-02-21,14:51,郑位方-仙女 | 退款-亲情卡 | [不计收支] | 状态:退款成功
人情,,CNY,2.99,平安银行信用卡(4976),AlexLeon,2026-02-21,14:50,郑位方-仙女 | 亲情卡 | [支出] | 状态:交易成功
购物,日用百货,CNY,7.5,平安银行信用卡(4976),AlexLeon,2026-02-20,09:53,武进路三店 | 上海全家便利店 | [支出] | 状态:交易成功
购物,日用百货,CNY,25.1,平安银行信用卡(4976),AlexLeon,2026-02-20,09:34,武进路三店 | 上海全家便利店 | [支出] | 状态:交易成功
购物,日用百货,CNY,8.9,平安银行信用卡(4976),AlexLeon,2026-02-20,09:16,武进路三店 | 上海全家便利店 | [支出] | 状态:交易成功
餐饮,,CNY,85.32,平安银行信用卡(4976),AlexLeon,2026-02-19,19:42,张亮麻辣烫 | [支出] | 状态:交易成功
餐饮,,CNY,28.5,平安银行信用卡(4976),AlexLeon,2026-02-18,19:12,小杨生煎(明中广场) | 小杨生煎上海明中广场店 | [支出] | 状态:交易成功
餐饮,,CNY,39.9,平安银行信用卡(4976),AlexLeon,2026-02-18,19:09,盒马 | 退款-【年宵花】好运来 银柳红玫瑰混搭花束等3类商品 | [不计收支] | 状态:退款成功
餐饮,,CNY,121.6,平安银行信用卡(4976),AlexLeon,2026-02-18,10:55,盒马 | 【年宵花】好运来 银柳红玫瑰混搭花束等3类商品 | [支出] | 状态:交易成功
娱乐,,CNY,98,平安银行信用卡(4976),AlexLeon,2026-02-16,11:32,App Store & Apple Music | App Store & Apple Music；02.16购买 | [支出] | 状态:交易成功
购物,,CNY,138.97,平安银行信用卡(4976),AlexLeon,2026-02-15,22:44,Stripe Inc | STRIPE | [支出] | 状态:交易成功
购物,日用百货,CNY,1,平安银行信用卡(4976),AlexLeon,2026-02-15,15:31,好想来零食乐园 | 上海嘉定区安亭镇新源路店 | [支出] | 状态:交易成功
人情,,CNY,635,平安银行信用卡(4976),AlexLeon,2026-02-14,16:09,郑位方-仙女 | 亲情卡 | [支出] | 状态:交易成功
人情,,CNY,726,平安银行信用卡(4976),AlexLeon,2026-02-14,15:07,郑位方-仙女 | 亲情卡 | [支出] | 状态:交易成功
人情,,CNY,750,平安银行信用卡(4976),AlexLeon,2026-02-14,15:06,郑位方-仙女 | 亲情卡 | [支出] | 状态:交易成功
餐饮,,CNY,62,平安银行信用卡(4976),AlexLeon,2026-02-14,14:57,星巴克(上海金桥中宝盛达店) | 上海星巴克咖啡经营有限公司 | [支出] | 状态:交易成功
购物,日用百货,CNY,4.3,平安银行信用卡(4976),AlexLeon,2026-02-14,13:09,统一超商（上海）便利有限公司 | 7-ELEVEn上海中宝盛达消费 | [支出] | 状态:交易成功
餐饮,,CNY,32.18,平安银行信用卡(4976),AlexLeon,2026-02-14,12:15,满座儿中宝盛达餐厅 | [支出] | 状态:交易成功
医疗,保险,CNY,28.9,平安银行信用卡(4976),AlexLeon,2026-02-14,12:10,中国人民健康保险股份有限公司 | 2026.2月保费缴清-好医保·长期医疗-**瑞 | [支出] | 状态:交易成功
购物,日用百货,CNY,18.4,平安银行信用卡(4976),AlexLeon,2026-02-13,20:02,统一超商（上海）便利有限公司 | 支付订单 | [支出] | 状态:交易成功
购物,日用百货,CNY,2.5,平安银行信用卡(4976),AlexLeon,2026-02-12,18:07,统一超商（上海）便利有限公司 | 7-ELEVEn上海中宝盛达消费 | [支出] | 状态:交易成功
购物,日用百货,CNY,29.5,平安银行信用卡(4976),AlexLeon,2026-02-12,12:31,祥辉便利店 | 3783祥辉超市桂桥路店 | [支出] | 状态:交易成功
购物,日用百货,CNY,6.3,平安银行信用卡(4976),AlexLeon,2026-02-11,09:09,统一超商（上海）便利有限公司 | 支付订单 | [支出] | 状态:交易成功
人情,,CNY,5,平安银行信用卡(4976),AlexLeon,2026-02-10,18:31,郑位方-仙女 | 亲情卡 | [支出] | 状态:交易成功
人情,,CNY,24.4,平安银行信用卡(4976),AlexLeon,2026-02-10,18:31,郑位方-仙女 | 亲情卡 | [支出] | 状态:交易成功
购物,日用百货,CNY,2.5,平安银行信用卡(4976),AlexLeon,2026-02-10,12:28,统一超商（上海）便利有限公司 | 7-ELEVEn上海中宝盛达消费 | [支出] | 状态:交易成功
购物,日用百货,CNY,10,平安银行信用卡(4976),AlexLeon,2026-02-10,09:16,统一超商（上海）便利有限公司 | 7-ELEVEn上海中宝盛达消费 | [支出] | 状态:交易成功
娱乐,,CNY,30,平安银行信用卡(4976),AlexLeon,2026-02-10,04:30,App Store & Apple Music | App Store & Apple Music；02.10购买 | [支出] | 状态:交易成功
购物,日用百货,CNY,26,平安银行信用卡(4976),AlexLeon,2026-02-09,22:45,祥辉超市桂桥路店 | 上海市浦东新区金桥镇祥辉便利店-支付宝 | [支出] | 状态:交易成功
购物,日用百货,CNY,4.3,平安银行信用卡(4976),AlexLeon,2026-02-09,13:26,统一超商（上海）便利有限公司 | 7-ELEVEn上海中宝盛达消费 | [支出] | 状态:交易成功
居家,,CNY,189.9,平安银行信用卡(4976),AlexLeon,2026-02-09,08:46,国网上海市电力公司(缴费) | 1月电费自动缴费-*南一-充电桩-根据每期出账后自动缴费 | [支出] | 状态:交易成功
购物,日用百货,CNY,16.5,平安银行信用卡(4976),AlexLeon,2026-02-08,21:40,上海市联华 | 219840010192746879 | [支出] | 状态:交易成功
餐饮,,CNY,48.8,平安银行信用卡(4976),AlexLeon,2026-02-08,19:39,包打周一Punch_Monday | Punch Monday（新天地店）订单 | [支出] | 状态:交易成功
人情,,CNY,93,平安银行信用卡(4976),AlexLeon,2026-02-07,13:26,郑位方-仙女 | 亲情卡 | [支出] | 状态:交易成功
人情,,CNY,98,平安银行信用卡(4976),AlexLeon,2026-02-07,13:25,郑位方-仙女 | 亲情卡 | [支出] | 状态:交易成功
人情,,CNY,94,平安银行信用卡(4976),AlexLeon,2026-02-07,13:25,郑位方-仙女 | 亲情卡 | [支出] | 状态:交易成功
购物,日用百货,CNY,26,平安银行信用卡(4976),AlexLeon,2026-02-05,23:26,祥辉超市桂桥路店 | 上海市浦东新区金桥镇祥辉便利店-支付宝 | [支出] | 状态:交易成功
购物,日用百货,CNY,4.3,平安银行信用卡(4976),AlexLeon,2026-02-05,18:33,统一超商（上海）便利有限公司 | 7-ELEVEn上海中宝盛达消费 | [支出] | 状态:交易成功
购物,日用百货,CNY,4.3,平安银行信用卡(4976),AlexLeon,2026-02-04,19:11,统一超商（上海）便利有限公司 | 7-ELEVEn上海中宝盛达消费 | [支出] | 状态:交易成功
居家,,CNY,20,平安银行信用卡(4976),AlexLeon,2026-02-04,15:00,中国移动 | 为188****2773话费充值 | [支出] | 状态:交易成功
购物,日用百货,CNY,26,平安银行信用卡(4976),AlexLeon,2026-02-03,19:24,祥辉便利店 | 1739祥辉超市桂桥路店 | [支出] | 状态:交易成功
人情,,CNY,4,平安银行信用卡(4976),AlexLeon,2026-02-03,08:29,郑位方-仙女 | 亲情卡 | [支出] | 状态:交易成功
退款,,CNY,150.21,平安银行信用卡(4976),AlexLeon,2026-02-02,23:13,郑位方-仙女 | 退款-亲情卡 | [不计收支] | 状态:退款成功
人情,,CNY,150.21,平安银行信用卡(4976),AlexLeon,2026-02-02,23:12,郑位方-仙女 | 亲情卡 | [支出] | 状态:交易成功
人情,,CNY,75.7,平安银行信用卡(4976),AlexLeon,2026-02-02,11:07,郑位方-仙女 | 亲情卡 | [支出] | 状态:交易成功
人情,,CNY,0.1,平安银行信用卡(4976),AlexLeon,2026-02-02,11:07,郑位方-仙女 | 亲情卡 | [支出] | 状态:交易成功
购物,日用百货,CNY,4.3,平安银行信用卡(4976),AlexLeon,2026-01-30,12:35,统一超商（上海）便利有限公司 | 7-ELEVEn上海中宝盛达消费 | [支出] | 状态:交易成功
购物,日用百货,CNY,5,平安银行信用卡(4976),AlexLeon,2026-01-29,10:26,统一超商（上海）便利有限公司 | 7-ELEVEn上海中宝盛达消费 | [支出] | 状态:交易成功
娱乐,,CNY,8,平安银行信用卡(4976),AlexLeon,2026-01-28,03:25,App Store & Apple Music | App Store & Apple Music；01.27至01.28期间购买 | [支出] | 状态:交易成功
购物,日用百货,CNY,5,平安银行信用卡(4976),AlexLeon,2026-01-27,11:03,统一超商（上海）便利有限公司 | 7-ELEVEn上海中宝盛达消费 | [支出] | 状态:交易成功
购物,日用百货,CNY,26,平安银行信用卡(4976),AlexLeon,2026-01-26,21:20,祥辉便利店 | 4844祥辉超市桂桥路店 | [支出] | 状态:交易成功
退款,,CNY,122.26,平安银行信用卡(4976),AlexLeon,2026-01-26,14:13,郑位方-仙女 | 退款-亲情卡 | [不计收支] | 状态:退款成功
人情,,CNY,122.26,平安银行信用卡(4976),AlexLeon,2026-01-26,14:13,郑位方-仙女 | 亲情卡 | [支出] | 状态:交易成功
人情,,CNY,0.1,平安银行信用卡(4976),AlexLeon,2026-01-26,08:31,郑位方-仙女 | 亲情卡 | [支出] | 状态:交易成功
人情,,CNY,22.3,平安银行信用卡(4976),AlexLeon,2026-01-26,08:31,郑位方-仙女 | 亲情卡 | [支出] | 状态:交易成功
购物,日用百货,CNY,7.3,平安银行信用卡(4976),AlexLeon,2026-01-25,18:49,好特卖 | 上海杨浦滨江百联-条码支付 | [支出] | 状态:交易成功
购物,日用百货,CNY,29.5,平安银行信用卡(4976),AlexLeon,2026-01-24,16:03,祥辉便利店 | 3721祥辉超市桂桥路店 | [支出] | 状态:交易成功
餐饮,,CNY,4,平安银行信用卡(4976),AlexLeon,2026-01-23,08:50,老上海蟹壳黄 | 9648老上海蟹壳黄 | [支出] | 状态:交易成功
餐饮,,CNY,4,平安银行信用卡(4976),AlexLeon,2026-01-23,08:28,老上海蟹壳黄 | 2323老上海蟹壳黄 | [支出] | 状态:交易成功
购物,日用百货,CNY,26,平安银行信用卡(4976),AlexLeon,2026-01-22,18:41,祥辉便利店 | 7172祥辉超市桂桥路店 | [支出] | 状态:交易成功
餐饮,,CNY,24.5,平安银行信用卡(4976),AlexLeon,2026-01-22,12:29,淘宝闪购 | 肯德基宅急送(川桥路店)外卖订单 | [支出] | 状态:交易成功
购物,日用百货,CNY,5,平安银行信用卡(4976),AlexLeon,2026-01-22,10:58,统一超商（上海）便利有限公司 | 7-ELEVEn上海中宝盛达消费 | [支出] | 状态:交易成功
购物,日用百货,CNY,4.3,平安银行信用卡(4976),AlexLeon,2026-01-21,18:16,统一超商（上海）便利有限公司 | 7-ELEVEn上海中宝盛达消费 | [支出] | 状态:交易成功
人情,,CNY,236.8,平安银行信用卡(4976),AlexLeon,2026-01-21,08:41,郑位方-仙女 | 亲情卡 | [支出] | 状态:交易成功
退款,,CNY,13.5,平安银行信用卡(4976),AlexLeon,2026-01-18,23:26,郑位方-仙女 | 退款-亲情卡 | [不计收支] | 状态:退款成功
人情,,CNY,13.5,平安银行信用卡(4976),AlexLeon,2026-01-18,21:40,郑位方-仙女 | 亲情卡 | [支出] | 状态:交易成功
购物,日用百货,CNY,9.5,平安银行信用卡(4976),AlexLeon,2026-01-18,21:18,乐美 | 经营码交易 | [支出] | 状态:交易成功
餐饮,,CNY,9.91,平安银行信用卡(4976),AlexLeon,2026-01-18,20:32,来伊份(上海市杨浦区长阳路四店) | 来伊份购物-门店：1RA4 | [支出] | 状态:交易成功
购物,日用百货,CNY,25,平安银行信用卡(4976),AlexLeon,2026-01-17,15:33,祥辉便利店 | 0938祥辉超市桂桥路店 | [支出] | 状态:交易成功
人情,,CNY,10,中国银行(5095),AlexLeon,2026-01-17,12:02,郑位方-仙女 | 亲情卡 | [支出] | 状态:交易成功
人情,,CNY,19.8,中国银行(5095),AlexLeon,2026-01-17,10:46,郑位方-仙女 | 亲情卡 | [支出] | 状态:交易成功
购物,日用百货,CNY,111.73,平安银行信用卡(4976),AlexLeon,2026-01-16,20:15,大润发（长阳店） | 订单号支付 | [支出] | 状态:交易成功
购物,,CNY,140.07,平安银行信用卡(4976),AlexLeon,2026-01-15,22:35,Stripe Inc | STRIPE | [支出] | 状态:交易成功
购物,日用百货,CNY,26,平安银行信用卡(4976),AlexLeon,2026-01-15,21:13,祥辉便利店 | 3475祥辉超市桂桥路店 | [支出] | 状态:交易成功
购物,日用百货,CNY,5,平安银行信用卡(4976),AlexLeon,2026-01-14,20:34,上海市松江区新桥镇尚陶百货经营部 | 5.0元 | [支出] | 状态:交易成功
医疗,保险,CNY,28.9,平安银行信用卡(4976),AlexLeon,2026-01-14,12:18,中国人民健康保险股份有限公司 | 2026.1月保费缴清-好医保·长期医疗-**瑞 | [支出] | 状态:交易成功
人情,,CNY,317,中国银行(5095),AlexLeon,2026-01-14,08:59,郑位方-仙女 | 亲情卡 | [支出] | 状态:交易成功
购物,日用百货,CNY,26,平安银行信用卡(4976),AlexLeon,2026-01-13,21:33,祥辉便利店 | 1618祥辉超市桂桥路店 | [支出] | 状态:交易成功
购物,日用百货,CNY,9.3,平安银行信用卡(4976),AlexLeon,2026-01-13,19:29,统一超商(上海)便利有限公司 | 合作商户 | [支出] | 状态:交易成功
娱乐,,CNY,30,平安银行信用卡(4976),AlexLeon,2026-01-11,14:08,App Store & Apple Music | App Store & Apple Music；01.11购买 | [支出] | 状态:交易成功
购物,日用百货,CNY,2,平安银行信用卡(4976),AlexLeon,2026-01-10,20:38,上海市松江区新桥镇尚陶百货经营部 | 2.0元 | [支出] | 状态:交易成功
购物,日用百货,CNY,31.5,平安银行信用卡(4976),AlexLeon,2026-01-10,15:53,祥辉便利店 | 5408祥辉超市桂桥路店 | [支出] | 状态:交易成功
购物,日用百货,CNY,25.84,平安银行信用卡(4976),AlexLeon,2026-01-08,18:55,祥辉便利店 | 7257祥辉超市桂桥路店 | [支出] | 状态:交易成功
居家,,CNY,40.5,平安银行信用卡(4976),AlexLeon,2026-01-08,12:43,上海城投水务(集团)有限公司 | 水费-**实名 | [支出] | 状态:交易成功
支出平账,,CNY,24.42,中国银行(5095),AlexLeon,2026-01-08,12:25,花呗 | 花呗自动还款-2026年01月账单 | [不计收支] | 状态:还款成功
购物,日用百货,CNY,4.3,平安银行信用卡(4976),AlexLeon,2026-01-08,10:54,统一超商（上海）便利有限公司 | 7-ELEVEn上海中宝盛达消费 | [支出] | 状态:交易成功
购物,日用百货,CNY,0.01,平安银行信用卡(4976),AlexLeon,2026-01-07,22:59,抖音电商商家 | 抖音电商-订单编号6949720886539261900 | [支出] | 状态:交易成功
购物,日用百货,CNY,4.3,平安银行信用卡(4976),AlexLeon,2026-01-07,15:26,统一超商（上海）便利有限公司 | 7-ELEVEn上海中宝盛达消费 | [支出] | 状态:交易成功
居家,,CNY,125.8,平安银行信用卡(4976),AlexLeon,2026-01-07,09:18,国网上海市电力公司(缴费) | 12月电费自动缴费-*南一-充电桩-根据每期出账后自动缴费 | [支出] | 状态:交易成功
购物,日用百货,CNY,4.3,平安银行信用卡(4976),AlexLeon,2026-01-06,12:37,统一超商（上海）便利有限公司 | 7-ELEVEn上海中宝盛达消费 | [支出] | 状态:交易成功
购物,日用百货,CNY,29.5,平安银行信用卡(4976),AlexLeon,2026-01-05,19:11,祥辉便利店 | 1233祥辉超市桂桥路店 | [支出] | 状态:交易成功
人情,,CNY,37.39,平安银行信用卡(4976),AlexLeon,2026-01-05,12:58,郑位方-仙女 | 亲情卡 | [支出] | 状态:交易成功
娱乐,,CNY,180,平安银行信用卡(4976),AlexLeon,2026-01-05,00:20,App Store & Apple Music | App Store & Apple Music；01.05购买 | [支出] | 状态:交易成功
退款,,CNY,107.33,中国银行(5095),AlexLeon,2026-01-04,20:08,郑位方-仙女 | 退款-亲情卡 | [不计收支] | 状态:退款成功
人情,,CNY,51.18,中国银行(5095),AlexLeon,2026-01-04,20:07,郑位方-仙女 | 亲情卡 | [支出] | 状态:交易成功
人情,,CNY,109.82,中国银行(5095),AlexLeon,2026-01-04,20:07,郑位方-仙女 | 亲情卡 | [支出] | 状态:交易成功
人情,,CNY,30.79,中国银行(5095),AlexLeon,2026-01-04,20:07,郑位方-仙女 | 亲情卡 | [支出] | 状态:交易成功
人情,,CNY,107.33,中国银行(5095),AlexLeon,2026-01-04,20:07,郑位方-仙女 | 亲情卡 | [支出] | 状态:交易成功
购物,,CNY,245,平安银行信用卡(4976),AlexLeon,2026-01-04,19:49,阿童**腿 | 原装拆机140W96W87W70W67W61W35W30W电源快充线适配器适用于苹果笔记本电脑Macbook air | [支出] | 状态:交易成功
居家,,CNY,66,平安银行信用卡(4976),AlexLeon,2026-01-04,09:21,上海燃气有限公司 | 燃气费-上海****公共租赁住房运营有限公司 | [支出] | 状态:交易成功
居家,,CNY,101.9,平安银行信用卡(4976),AlexLeon,2026-01-04,09:20,国网上海市电力公司(缴费) | 12月-电费-******************** | [支出] | 状态:交易成功
购物,日用百货,CNY,18,平安银行信用卡(4976),AlexLeon,2026-01-03,22:03,乐美 | 经营码交易 | [支出] | 状态:交易成功
娱乐,,CNY,6,平安银行信用卡(4976),AlexLeon,2026-01-03,20:57,App Store & Apple Music | App Store & Apple Music；01.03购买 | [支出] | 状态:交易成功
退款,,CNY,27.91,平安银行信用卡(4976),AlexLeon,2026-01-03,16:54,尚淘**品 | 退款-桌下理线器免打孔电源线架槽线路整理盒电线插座收纳桌面走线神器 | [不计收支] | 状态:退款成功
购物,日用百货,CNY,5,平安银行信用卡(4976),AlexLeon,2026-01-03,16:07,联合一百超市明中路 | 联合一百超市明中路_10021002601031607530676222814707_67795165031085001 | [支出] | 状态:交易成功
退款,,CNY,117.8,平安银行信用卡(4976),AlexLeon,2026-01-01,12:31,郑位方-仙女 | 退款-亲情卡 | [不计收支] | 状态:退款成功
人情,,CNY,117.8,平安银行信用卡(4976),AlexLeon,2026-01-01,12:20,郑位方-仙女 | 亲情卡 | [支出] | 状态:交易成功
购物,日用百货,CNY,23.5,平安银行信用卡(4976),AlexLeon,2025-12-31,19:28,好特卖 | 上海杨浦滨江百联-条码支付 | [支出] | 状态:交易成功
购物,,CNY,11.35,平安银行信用卡(4976),AlexLeon,2025-12-31,18:28,汤马**店 | 【优惠价】适用vivos17钢化膜s17pro手机膜vivo曲屏s17e贴膜神器s17por全屏防尘vivis秒贴膜 | [支出] | 状态:支付成功
购物,日用百货,CNY,2,平安银行信用卡(4976),AlexLeon,2025-12-31,12:41,祥辉便利店 | 9284祥辉超市桂桥路店 | [支出] | 状态:交易成功
购物,日用百货,CNY,26,平安银行信用卡(4976),AlexLeon,2025-12-31,12:39,祥辉便利店 | 8646祥辉超市桂桥路店 | [支出] | 状态:交易成功
人情,,CNY,1.5,平安银行信用卡(4976),AlexLeon,2025-12-31,09:04,郑位方-仙女 | 亲情卡 | [支出] | 状态:交易成功
娱乐,,CNY,24,平安银行信用卡(4976),AlexLeon,2025-12-31,03:55,App Store & Apple Music | App Store & Apple Music；12.30至12.31期间购买 | [支出] | 状态:交易成功
退款,,CNY,453.95,平安银行信用卡(4976),AlexLeon,2025-12-29,23:07,郑位方-仙女 | 退款-亲情卡 | [不计收支] | 状态:退款成功
人情,,CNY,453.95,平安银行信用卡(4976),AlexLeon,2025-12-29,23:07,郑位方-仙女 | 亲情卡 | [支出] | 状态:交易成功
娱乐,,CNY,100,平安银行信用卡(4976),AlexLeon,2025-12-29,15:58,App Store & Apple Music | App Store & Apple Music；12.29购买 | [支出] | 状态:交易成功
购物,日用百货,CNY,4.3,平安银行信用卡(4976),AlexLeon,2025-12-29,15:16,统一超商（上海）便利有限公司 | 7-ELEVEn上海中宝盛达消费 | [支出] | 状态:交易成功
购物,,CNY,28.8,平安银行信用卡(4976),AlexLeon,2025-12-29,03:19,拜浦**店 | 显示器增高架台式电脑增高架碳纤维电竞款笔记本电脑支架办公桌收纳键盘架桌面置物架工位台式支架桌面收纳架 | [支出] | 状态:交易成功
购物,,CNY,29.9,平安银行信用卡(4976),AlexLeon,2025-12-29,02:44,oa**店 | 派凡笔记本电脑立式支架重力收纳竖立托架子手提置物散热底座侧立竖放桌面迷你主机键盘立架ipad平板挂架MAC | [支出] | 状态:交易成功
购物,日用百货,CNY,23,平安银行信用卡(4976),AlexLeon,2025-12-27,15:44,祥辉便利店 | 8499祥辉超市桂桥路店 | [支出] | 状态:交易成功
购物,日用百货,CNY,4.3,平安银行信用卡(4976),AlexLeon,2025-12-25,18:32,统一超商（上海）便利有限公司 | 7-ELEVEn上海中宝盛达消费 | [支出] | 状态:交易成功
红包,,CNY,15,中国银行(5095),AlexLeon,2025-12-25,15:22,磊(*磊) | 身份证快递到付 | [支出] | 状态:交易成功
人情,,CNY,52.52,平安银行信用卡(4976),AlexLeon,2025-12-25,09:21,郑位方-仙女 | 亲情卡 | [支出] | 状态:交易成功
购物,日用百货,CNY,4.3,平安银行信用卡(4976),AlexLeon,2025-12-24,21:16,统一超商（上海）便利有限公司 | 7-ELEVEn上海钱滩消费 | [支出] | 状态:交易成功
购物,日用百货,CNY,8,平安银行信用卡(4976),AlexLeon,2025-12-23,23:20,益购便利店 | 6411益购便利店 | [支出] | 状态:交易成功
退款,,CNY,111.16,平安银行信用卡(4976),AlexLeon,2025-12-23,13:25,郑位方-仙女 | 退款-亲情卡 | [不计收支] | 状态:退款成功
购物,日用百货,CNY,4.3,平安银行信用卡(4976),AlexLeon,2025-12-23,12:49,统一超商（上海）便利有限公司 | 7-ELEVEn上海中宝盛达消费 | [支出] | 状态:交易成功
餐饮,,CNY,23.02,平安银行信用卡(4976),AlexLeon,2025-12-23,12:14,徽小碗城市食堂 | [支出] | 状态:交易成功
购物,日用百货,CNY,23.82,平安银行信用卡(4976),AlexLeon,2025-12-22,20:52,祥辉便利店 | 2498祥辉超市桂桥路店 | [支出] | 状态:交易成功
购物,日用百货,CNY,4.3,平安银行信用卡(4976),AlexLeon,2025-12-22,14:17,统一超商（上海）便利有限公司 | 7-ELEVEn上海中宝盛达消费 | [支出] | 状态:交易成功
购物,,CNY,8.6,平安银行信用卡(4976),AlexLeon,2025-12-21,17:37,iw**店 | 【优惠价】适用华为麦芒11钢化膜麦芒10手机膜10se全屏覆盖maimang9防摔高清麦芒8/7贴膜保护芒麦十一全包 | [支出] | 状态:交易成功
娱乐,,CNY,68,平安银行信用卡(4976),AlexLeon,2025-12-21,10:32,App Store & Apple Music | App Store & Apple Music；12.21购买 | [支出] | 状态:交易成功
退款,,CNY,33.8,平安银行信用卡(4976),AlexLeon,2025-12-19,23:08,郑位方-仙女 | 退款-亲情卡 | [不计收支] | 状态:退款成功
人情,,CNY,33.8,平安银行信用卡(4976),AlexLeon,2025-12-19,23:05,郑位方-仙女 | 亲情卡 | [支出] | 状态:交易成功
退款,,CNY,28.22,平安银行信用卡(4976),AlexLeon,2025-12-19,15:34,黑鲨**店 | 退款-黑鲨黑魔导游戏手柄支架卡扣式原装配件王者手游可调节黑神话悟空苹果安卓手机通用 | [不计收支] | 状态:退款成功
购物,日用百货,CNY,24.42,Alex的蚂蚁花呗,AlexLeon,2025-12-19,14:00,x***3 | 雷神手柄支架，仅拆封未使用， | [支出] | 状态:交易成功
购物,日用百货,CNY,4.3,平安银行信用卡(4976),AlexLeon,2025-12-19,13:48,统一超商（上海）便利有限公司 | 7-ELEVEn上海中宝盛达消费 | [支出] | 状态:交易成功
退款,,CNY,22.7,平安银行信用卡(4976),AlexLeon,2025-12-18,22:53,郑位方-仙女 | 退款-亲情卡 | [不计收支] | 状态:退款成功
支出平账,,CNY,34.36,中国银行(5095),AlexLeon,2025-12-17,10:19,花呗 | 花呗主动还款-2026年01月账单 | [不计收支] | 状态:还款成功
人情,,CNY,19.95,中国银行(5095),AlexLeon,2025-12-11,19:30,郑位方-仙女 | 亲情卡 | [支出] | 状态:交易成功
退款,,CNY,157.62,平安银行信用卡(4976),AlexLeon,2025-12-08,07:20,郑位方-仙女 | 退款-亲情卡 | [不计收支] | 状态:退款成功
人情,,CNY,157.62,平安银行信用卡(4976),AlexLeon,2025-12-08,07:20,郑位方-仙女 | 亲情卡 | [支出] | 状态:交易成功
娱乐,,CNY,33.8,平安银行信用卡(4976),AlexLeon,2025-12-07,13:52,买买**店 | 线条小狗生日布置场景装饰挂布主题女孩成人女朋友仪式感条幅气球 | [支出] | 状态:支付成功
购物,,CNY,12.44,平安银行信用卡(4976),AlexLeon,2025-12-07,13:52,li**8 | 圣诞节洞洞乐盲盒礼物盒礼品diy自制戳戳乐惊喜抽奖盒子送男友 | [支出] | 状态:支付成功
居家,,CNY,133.5,平安银行信用卡(4976),AlexLeon,2025-12-07,11:50,国网上海市电力公司(缴费) | 11月电费自动缴费-*南一-充电桩-根据每期出账后自动缴费 | [支出] | 状态:交易成功
娱乐,,CNY,76.8,平安银行信用卡(4976),AlexLeon,2025-12-07,10:03,no**4 | 网红创意萌线条小狗玩偶卡通花束送男孩女孩生日礼物七夕节送对象 | [支出] | 状态:支付成功
娱乐,,CNY,22.1,平安银行信用卡(4976),AlexLeon,2025-12-07,10:03,素纳**店 | 线条小狗生日礼物盒子大号礼盒空盒礼物包装盒纸箱子礼品盒送男生 | [支出] | 状态:支付成功
交通,,CNY,200,中国银行(5095),AlexLeon,2025-12-07,09:20,艺荣车臣汽车养护中心 | 收钱码收款 | [支出] | 状态:交易成功
餐饮,,CNY,206.85,平安银行信用卡(4976),AlexLeon,2025-12-06,17:54,淘宝闪购 | 八喜冰淇淋蛋糕(杨浦店)外卖订单 | [支出] | 状态:交易成功
购物,日用百货,CNY,29.5,平安银行信用卡(4976),AlexLeon,2025-12-06,14:20,祥辉便利店 | 6317祥辉超市桂桥路店 | [支出] | 状态:交易成功
退款,,CNY,298,平安银行信用卡(4976),AlexLeon,2025-12-06,11:57,郑位方-仙女 | 退款-亲情卡 | [不计收支] | 状态:退款成功
人情,,CNY,298,平安银行信用卡(4976),AlexLeon,2025-12-06,11:51,郑位方-仙女 | 亲情卡 | [支出] | 状态:交易成功
娱乐,,CNY,180,平安银行信用卡(4976),AlexLeon,2025-12-06,09:46,App Store & Apple Music | App Store & Apple Music；12.06购买 | [支出] | 状态:交易成功
人情,,CNY,22.8,平安银行信用卡(4976),AlexLeon,2025-12-06,00:20,郑位方-仙女 | 亲情卡 | [支出] | 状态:交易成功
居家,,CNY,19.86,平安银行信用卡(4976),AlexLeon,2025-12-05,20:53,天空**店 | 【厕所新搭子】可爱马桶猪摆件桌面卫生间装饰家居好物创意小摆件 | [支出] | 状态:交易成功
退款,,CNY,21.6,中国银行(5095),AlexLeon,2025-12-05,20:50,tb**9 | 退款-洞洞乐盲盒大号8格礼盒空盒子儿童戳戳diy自制礼物生日抽奖送女友 | [不计收支] | 状态:退款成功
退款,,CNY,28.8,平安银行信用卡(4976),AlexLeon,2025-12-05,19:53,宜美**店 | 退款-生日快乐场景布置线条小狗装饰挂布氛围仪式感女孩儿童背景墙条幅 | [不计收支] | 状态:退款成功
娱乐,,CNY,18.8,中国银行(5095),AlexLeon,2025-12-05,19:29,tb**5 | 现货~爱心拼图录音贺卡光藏字表白惊喜七夕情人节送男女朋友礼物 | [支出] | 状态:交易成功
人情,,CNY,22.78,平安银行信用卡(4976),AlexLeon,2025-12-05,10:09,郑位方-仙女 | 亲情卡 | [支出] | 状态:交易成功
娱乐,,CNY,5.63,平安银行信用卡(4976),AlexLeon,2025-12-05,09:48,tb**5 | 创意烫金立体生日贺卡卡片送女友发光有声情侣可爱生日快乐礼物 | [支出] | 状态:交易成功
购物,,CNY,80.1,平安银行信用卡(4976),AlexLeon,2025-12-05,09:48,恒源**店 | 恒源祥羊毛手套女士冬季韩版百搭加厚保暖防寒骑车触屏生日礼物 | [支出] | 状态:交易成功
娱乐,,CNY,16,平安银行信用卡(4976),AlexLeon,2025-12-05,02:04,App Store & Apple Music | App Store & Apple Music；12.04至12.05期间购买 | [支出] | 状态:交易成功
人情,,CNY,21.72,平安银行信用卡(4976),AlexLeon,2025-12-04,19:36,郑位方-仙女 | 亲情卡 | [支出] | 状态:交易成功
购物,日用百货,CNY,29.5,平安银行信用卡(4976),AlexLeon,2025-12-04,12:27,金桥镇景香便利店 | 1240小喜多便利店 | [支出] | 状态:交易成功
餐饮,,CNY,26,平安银行信用卡(4976),AlexLeon,2025-12-04,12:18,周露徽小碗桂桥路店 | 4768徽小碗桂桥路店 | [支出] | 状态:交易成功
娱乐,,CNY,58,平安银行信用卡(4976),AlexLeon,2025-12-03,19:01,SFC 百联滨江店 | [支出] | 状态:交易成功
居家,,CNY,20,平安银行信用卡(4976),AlexLeon,2025-12-03,18:59,中国移动 | 为188****2773话费充值 | [支出] | 状态:交易成功
人情,,CNY,24.72,平安银行信用卡(4976),AlexLeon,2025-12-02,14:36,郑位方-仙女 | 亲情卡 | [支出] | 状态:交易成功
购物,日用百货,CNY,4.3,平安银行信用卡(4976),AlexLeon,2025-12-02,12:59,统一超商（上海）便利有限公司 | 7-ELEVEn上海中宝盛达消费 | [支出] | 状态:交易成功
购物,日用百货,CNY,4.3,平安银行信用卡(4976),AlexLeon,2025-12-01,14:08,统一超商（上海）便利有限公司 | 7-ELEVEn上海中宝盛达消费 | [支出] | 状态:交易成功
交通,,CNY,1.5,平安银行信用卡(4976),AlexLeon,2025-12-01,13:11,哈啰出行 | 哈啰单车骑行 | [支出] | 状态:交易成功
交通,,CNY,1.5,平安银行信用卡(4976),AlexLeon,2025-12-01,13:00,哈啰出行 | 哈啰单车骑行 | [支出] | 状态:交易成功
交通,,CNY,1.2,平安银行信用卡(4976),AlexLeon,2025-12-01,11:29,哈啰出行 | 哈啰单车骑行 | [支出] | 状态:交易成功
医疗,,CNY,90,平安银行信用卡(4976),AlexLeon,2025-12-01,10:40,复旦大学附属妇产科医院 | YOZZJ016_缴费 | [支出] | 状态:交易成功
退款,,CNY,806.05,平安银行信用卡(4976),AlexLeon,2025-12-01,10:35,郑位方-仙女 | 退款-亲情卡 | [不计收支] | 状态:退款成功
人情,,CNY,806.05,平安银行信用卡(4976),AlexLeon,2025-12-01,10:35,郑位方-仙女 | 亲情卡 | [支出] | 状态:交易成功
医疗,,CNY,25,平安银行信用卡(4976),AlexLeon,2025-12-01,09:37,复旦大学附属妇产科医院 | 挂号 | [支出] | 状态:交易成功
交通,,CNY,1.5,平安银行信用卡(4976),AlexLeon,2025-12-01,07:56,哈啰出行 | 哈啰单车骑行 | [支出] | 状态:交易成功
退款,,CNY,164.17,平安银行信用卡(4976),AlexLeon,2025-11-30,21:46,郑位方-仙女 | 退款-亲情卡 | [不计收支] | 状态:退款成功
人情,,CNY,164.17,平安银行信用卡(4976),AlexLeon,2025-11-30,21:45,郑位方-仙女 | 亲情卡 | [支出] | 状态:交易成功
交通,,CNY,10,平安银行信用卡(4976),AlexLeon,2025-11-29,21:43,上海电影广场 | 停车缴费-沪-AAV7121-P200622089 | [支出] | 状态:交易成功
购物,日用百货,CNY,95,平安银行信用卡(4976),AlexLeon,2025-11-29,21:03,兰鸿百货商店 | 上海市徐汇区兰鸿百货商店 | [支出] | 状态:交易成功
餐饮,,CNY,69.6,平安银行信用卡(4976),AlexLeon,2025-11-29,20:57,读酥世家 | 宛平店店内购物 | [支出] | 状态:交易成功
退款,,CNY,153.15,平安银行信用卡(4976),AlexLeon,2025-11-29,16:07,郑位方-仙女 | 退款-亲情卡 | [不计收支] | 状态:退款成功
退款,,CNY,9.19,平安银行信用卡(4976),AlexLeon,2025-11-29,14:57,郑位方-仙女 | 退款-亲情卡 | [不计收支] | 状态:退款成功
人情,,CNY,9.19,平安银行信用卡(4976),AlexLeon,2025-11-29,14:57,郑位方-仙女 | 亲情卡 | [支出] | 状态:交易成功
购物,日用百货,CNY,4.3,中国银行(5095),AlexLeon,2025-11-29,14:18,文。Af | 收钱码收款 | [支出] | 状态:交易成功
购物,日用百货,CNY,24.61,平安银行信用卡(4976),AlexLeon,2025-11-29,14:06,祥辉便利店 | 6897祥辉超市桂桥路店 | [支出] | 状态:交易成功
人情,,CNY,5,中国银行(5095),AlexLeon,2025-11-29,09:09,郑位方-仙女 | 亲情卡 | [支出] | 状态:交易成功
购物,日用百货,CNY,21,平安银行信用卡(4976),AlexLeon,2025-11-27,22:34,上海市联华 | 208100010186445437 | [支出] | 状态:交易成功
退款,,CNY,13.83,平安银行信用卡(4976),AlexLeon,2025-11-27,19:10,郑位方-仙女 | 退款-亲情卡 | [不计收支] | 状态:退款成功
人情,,CNY,13.83,平安银行信用卡(4976),AlexLeon,2025-11-27,19:10,郑位方-仙女 | 亲情卡 | [支出] | 状态:交易成功
购物,日用百货,CNY,4.3,平安银行信用卡(4976),AlexLeon,2025-11-27,15:06,统一超商（上海）便利有限公司 | 7-ELEVEn上海中宝盛达消费 | [支出] | 状态:交易成功
娱乐,,CNY,299.94,平安银行信用卡(4976),AlexLeon,2025-11-26,10:44,App Store & Apple Music | App Store & Apple Music；11.26购买 | [支出] | 状态:交易成功
购物,日用百货,CNY,24,平安银行信用卡(4976),AlexLeon,2025-11-25,23:45,上海市联华 | 217980000186272098 | [支出] | 状态:交易成功
娱乐,,CNY,30,平安银行信用卡(4976),AlexLeon,2025-11-25,23:03,App Store & Apple Music | App Store & Apple Music；11.25购买 | [支出] | 状态:交易成功
娱乐,,CNY,278.94,平安银行信用卡(4976),AlexLeon,2025-11-25,22:58,网易 | MuMu模拟器SVIP-365天会员 | [支出] | 状态:交易成功
购物,日用百货,CNY,8.5,平安银行信用卡(4976),AlexLeon,2025-11-25,19:13,统一超商(上海)便利有限公司 | 合作商户 | [支出] | 状态:交易成功
娱乐,,CNY,51,平安银行信用卡(4976),AlexLeon,2025-11-24,23:04,App Store & Apple Music | App Store & Apple Music；11.24购买 | [支出] | 状态:交易成功
退款,,CNY,76.13,平安银行信用卡(4976),AlexLeon,2025-11-24,09:26,郑位方-仙女 | 退款-亲情卡 | [不计收支] | 状态:退款成功
退款,,CNY,15.76,平安银行信用卡(4976),AlexLeon,2025-11-24,08:17,郑位方-仙女 | 退款-亲情卡 | [不计收支] | 状态:退款成功
人情,,CNY,15.76,平安银行信用卡(4976),AlexLeon,2025-11-24,08:17,郑位方-仙女 | 亲情卡 | [支出] | 状态:交易成功
餐饮,,CNY,18.42,平安银行信用卡(4976),AlexLeon,2025-11-23,09:56,金麦晟兰州牛肉面（郭巷店） | 美团/大众点评点餐订单-11234629729716107750834 | [支出] | 状态:交易成功
退款,,CNY,58.71,中国银行(5095),AlexLeon,2025-11-22,12:26,郑位方-仙女 | 退款-亲情卡 | [不计收支] | 状态:退款成功
退款,,CNY,66.48,平安银行信用卡(4976),AlexLeon,2025-11-22,12:25,郑位方-仙女 | 退款-亲情卡 | [不计收支] | 状态:退款成功
购物,日用百货,CNY,24,平安银行信用卡(4976),AlexLeon,2025-11-21,20:45,上海市联华 | 217950020185920544 | [支出] | 状态:交易成功
购物,,CNY,9.9,平安银行信用卡(4976),AlexLeon,2025-11-21,17:21,淘宝闪购 | 付费问诊 | [支出] | 状态:交易成功
退款,,CNY,82.18,平安银行信用卡(4976),AlexLeon,2025-11-21,11:52,郑位方-仙女 | 退款-亲情卡 | [不计收支] | 状态:退款成功
购物,日用百货,CNY,26,平安银行信用卡(4976),AlexLeon,2025-11-19,22:16,祥辉便利店 | 6783祥辉超市桂桥路店 | [支出] | 状态:交易成功
娱乐,,CNY,6,平安银行信用卡(4976),AlexLeon,2025-11-19,17:13,App Store & Apple Music | App Store & Apple Music；11.19购买 | [支出] | 状态:交易成功
人情,,CNY,58.71,中国银行(5095),AlexLeon,2025-11-16,10:55,郑位方-仙女 | 亲情卡 | [支出] | 状态:交易成功
退款,,CNY,33.9,平安银行信用卡(4976),AlexLeon,2025-11-12,20:14,郑位方-仙女 | 退款-亲情卡 | [不计收支] | 状态:退款成功
人情,,CNY,33.9,平安银行信用卡(4976),AlexLeon,2025-11-12,20:06,郑位方-仙女 | 亲情卡 | [支出] | 状态:交易成功
支出平账,,CNY,33,中国银行(5095),AlexLeon,2025-11-08,12:11,花呗 | 花呗自动还款-2025年11月账单 | [不计收支] | 状态:还款成功
退款,,CNY,33.6,中国银行(5095),AlexLeon,2025-10-01,08:15,郑位方-仙女 | 退款-亲情卡 | [不计收支] | 状态:退款成功
退款,,CNY,6.38,中国银行(5095),AlexLeon,2025-09-30,16:55,郑位方-仙女 | 退款-亲情卡 | [不计收支] | 状态:退款成功
人情,,CNY,6.38,中国银行(5095),AlexLeon,2025-09-30,16:55,郑位方-仙女 | 亲情卡 | [支出] | 状态:交易成功
